data,stato,codice_regione,denominazione_regione,codice_provincia,denominazione_provincia,sigla_provincia,lat,long,totale_casi,note_it,note_en
<<<<<<< HEAD
<<<<<<< HEAD
<<<<<<< HEAD
<<<<<<< HEAD
<<<<<<< HEAD
<<<<<<< HEAD
<<<<<<< HEAD
<<<<<<< HEAD
2020-05-05T17:00:00,ITA,13,Abruzzo,069,Chieti,CH,42.35103167,14.16754574,767,,
2020-05-05T17:00:00,ITA,13,Abruzzo,066,L'Aquila,AQ,42.35122196,13.39843823,242,,
2020-05-05T17:00:00,ITA,13,Abruzzo,068,Pescara,PE,42.46458398,14.21364822,1375,,
2020-05-05T17:00:00,ITA,13,Abruzzo,067,Teramo,TE,42.6589177,13.70439971,641,,
2020-05-05T17:00:00,ITA,13,Abruzzo,979,In fase di definizione/aggiornamento,,0,0,0,,
2020-05-05T17:00:00,ITA,17,Basilicata,077,Matera,MT,40.66751177,16.59792442,200,,
2020-05-05T17:00:00,ITA,17,Basilicata,076,Potenza,PZ,40.63947052,15.80514834,196,,
2020-05-05T17:00:00,ITA,17,Basilicata,980,In fase di definizione/aggiornamento,,0,0,0,,
2020-05-05T17:00:00,ITA,04,P.A. Bolzano,021,Bolzano,BZ,46.49933453,11.35662422,2542,,
2020-05-05T17:00:00,ITA,04,P.A. Bolzano,981,In fase di definizione/aggiornamento,,0,0,0,,
2020-05-05T17:00:00,ITA,18,Calabria,079,Catanzaro,CZ,38.90597598,16.59440194,208,,
2020-05-05T17:00:00,ITA,18,Calabria,078,Cosenza,CS,39.29308681,16.25609692,459,,
2020-05-05T17:00:00,ITA,18,Calabria,101,Crotone,KR,39.08036878,17.12538864,118,,
2020-05-05T17:00:00,ITA,18,Calabria,080,Reggio di Calabria,RC,38.10922769,15.6434527,257,,
2020-05-05T17:00:00,ITA,18,Calabria,102,Vibo Valentia,VV,38.67624147,16.10157414,75,,
2020-05-05T17:00:00,ITA,18,Calabria,982,In fase di definizione/aggiornamento,,0,0,2,,
2020-05-05T17:00:00,ITA,15,Campania,064,Avellino,AV,40.91404699,14.79528803,469,,
2020-05-05T17:00:00,ITA,15,Campania,062,Benevento,BN,41.12969987,14.78151683,186,,
2020-05-05T17:00:00,ITA,15,Campania,061,Caserta,CE,41.07465878,14.33240464,424,,
2020-05-05T17:00:00,ITA,15,Campania,063,Napoli,NA,40.83956555,14.25084984,2486,,
2020-05-05T17:00:00,ITA,15,Campania,065,Salerno,SA,40.67821961,14.7594026,662,,
2020-05-05T17:00:00,ITA,15,Campania,983,In fase di definizione/aggiornamento,,0,0,291,,
2020-05-05T17:00:00,ITA,08,Emilia-Romagna,037,Bologna,BO,44.49436681,11.3417208,4619,,
2020-05-05T17:00:00,ITA,08,Emilia-Romagna,038,Ferrara,FE,44.83599085,11.61868934,940,,
2020-05-05T17:00:00,ITA,08,Emilia-Romagna,040,Forlì-Cesena,FC,44.22268559,12.04068608,1625,,
2020-05-05T17:00:00,ITA,08,Emilia-Romagna,036,Modena,MO,44.64600009,10.92615487,3758,,
2020-05-05T17:00:00,ITA,08,Emilia-Romagna,034,Parma,PR,44.80107394,10.32834985,3230,,
2020-05-05T17:00:00,ITA,08,Emilia-Romagna,033,Piacenza,PC,45.05193462,9.692632596,4286,,
2020-05-05T17:00:00,ITA,08,Emilia-Romagna,039,Ravenna,RA,44.41722493,12.19913936,986,,
2020-05-05T17:00:00,ITA,08,Emilia-Romagna,035,Reggio nell'Emilia,RE,44.69735289,10.63007973,4788,,
2020-05-05T17:00:00,ITA,08,Emilia-Romagna,099,Rimini,RN,44.06090087,12.5656295,2043,,
2020-05-05T17:00:00,ITA,08,Emilia-Romagna,984,In fase di definizione/aggiornamento,,0,0,0,,
2020-05-05T17:00:00,ITA,06,Friuli Venezia Giulia,031,Gorizia,GO,45.94149817,13.62212502,189,,
2020-05-05T17:00:00,ITA,06,Friuli Venezia Giulia,093,Pordenone,PN,45.95443546,12.66002909,646,,
2020-05-05T17:00:00,ITA,06,Friuli Venezia Giulia,032,Trieste,TS,45.6494354,13.76813649,1292,,
2020-05-05T17:00:00,ITA,06,Friuli Venezia Giulia,030,Udine,UD,46.06255516,13.2348383,958,,
2020-05-05T17:00:00,ITA,06,Friuli Venezia Giulia,985,In fase di definizione/aggiornamento,,0,0,0,,
2020-05-05T17:00:00,ITA,12,Lazio,060,Frosinone,FR,41.63964569,13.35117161,571,,
2020-05-05T17:00:00,ITA,12,Lazio,059,Latina,LT,41.46759465,12.90368482,504,,
2020-05-05T17:00:00,ITA,12,Lazio,057,Rieti,RI,42.40488444,12.86205939,327,,
2020-05-05T17:00:00,ITA,12,Lazio,058,Roma,RM,41.89277044,12.48366722,5005,,
2020-05-05T17:00:00,ITA,12,Lazio,056,Viterbo,VT,42.4173828,12.10473416,401,,
2020-05-05T17:00:00,ITA,12,Lazio,986,In fase di definizione/aggiornamento,,0,0,106,,
2020-05-05T17:00:00,ITA,07,Liguria,010,Genova,GE,44.41149314,8.9326992,4923,,
2020-05-05T17:00:00,ITA,07,Liguria,008,Imperia,IM,43.88570648,8.027850298,1376,,
2020-05-05T17:00:00,ITA,07,Liguria,011,La Spezia,SP,44.10704991,9.8281897,865,,
2020-05-05T17:00:00,ITA,07,Liguria,009,Savona,SV,44.30750461,8.481108654,1304,,
2020-05-05T17:00:00,ITA,07,Liguria,987,In fase di definizione/aggiornamento,,0,0,7,,
2020-05-05T17:00:00,ITA,03,Lombardia,016,Bergamo,BG,45.69441368,9.668424528,11550,,
2020-05-05T17:00:00,ITA,03,Lombardia,017,Brescia,BS,45.53993052,10.21910323,13168,,
2020-05-05T17:00:00,ITA,03,Lombardia,013,Como,CO,45.8099912,9.085159546,3364,,
2020-05-05T17:00:00,ITA,03,Lombardia,019,Cremona,CR,45.13336675,10.02420865,6130,,
2020-05-05T17:00:00,ITA,03,Lombardia,097,Lecco,LC,45.85575781,9.393392246,2371,,
2020-05-05T17:00:00,ITA,03,Lombardia,098,Lodi,LO,45.31440693,9.503720769,3114,,
2020-05-05T17:00:00,ITA,03,Lombardia,020,Mantova,MN,45.15726772,10.79277363,3215,,
2020-05-05T17:00:00,ITA,03,Lombardia,015,Milano,MI,45.46679409,9.190347404,20398,,
2020-05-05T17:00:00,ITA,03,Lombardia,108,Monza e della Brianza,MB,45.58439043,9.273582472,4881,,
2020-05-05T17:00:00,ITA,03,Lombardia,018,Pavia,PV,45.18509264,9.160157191,4551,,
2020-05-05T17:00:00,ITA,03,Lombardia,014,Sondrio,SO,46.17099261,9.87147489,1223,,
2020-05-05T17:00:00,ITA,03,Lombardia,012,Varese,VA,45.81701677,8.822868344,2891,,
2020-05-05T17:00:00,ITA,03,Lombardia,988,In fase di definizione/aggiornamento,,0,0,1749,,
2020-05-05T17:00:00,ITA,11,Marche,042,Ancona,AN,43.61675973,13.5188753,1820,,
2020-05-05T17:00:00,ITA,11,Marche,044,Ascoli Piceno,AP,42.85322304,13.57691127,285,,
2020-05-05T17:00:00,ITA,11,Marche,109,Fermo,FM,43.16058534,13.71839535,453,,
2020-05-05T17:00:00,ITA,11,Marche,043,Macerata,MC,43.30023926,13.45307182,1042,,
2020-05-05T17:00:00,ITA,11,Marche,041,Pesaro e Urbino,PU,43.91014021,12.91345989,2586,,
2020-05-05T17:00:00,ITA,11,Marche,989,In fase di definizione/aggiornamento,,0,0,206,,
2020-05-05T17:00:00,ITA,14,Molise,070,Campobasso,CB,41.55774754,14.65916051,226,,
2020-05-05T17:00:00,ITA,14,Molise,094,Isernia,IS,41.58800826,14.22575407,56,,
2020-05-05T17:00:00,ITA,14,Molise,990,In fase di definizione/aggiornamento,,0,0,19,,
2020-05-05T17:00:00,ITA,01,Piemonte,006,Alessandria,AL,44.91297351,8.615401155,3606,,
2020-05-05T17:00:00,ITA,01,Piemonte,005,Asti,AT,44.89912921,8.204142547,1629,,
2020-05-05T17:00:00,ITA,01,Piemonte,096,Biella,BI,45.5665112,8.054082167,993,,
2020-05-05T17:00:00,ITA,01,Piemonte,004,Cuneo,CN,44.39329625,7.551171632,2559,,
2020-05-05T17:00:00,ITA,01,Piemonte,003,Novara,NO,45.44588506,8.621915884,2394,,
2020-05-05T17:00:00,ITA,01,Piemonte,001,Torino,TO,45.0732745,7.680687483,14018,,
2020-05-05T17:00:00,ITA,01,Piemonte,103,Verbano-Cusio-Ossola,VB,45.9214455,8.551078753,1067,,
2020-05-05T17:00:00,ITA,01,Piemonte,002,Vercelli,VC,45.32398135,8.423234312,1149,,
2020-05-05T17:00:00,ITA,01,Piemonte,991,In fase di definizione/aggiornamento,,0,0,359,,
2020-05-05T17:00:00,ITA,16,Puglia,072,Bari,BA,41.12559576,16.86736689,1328,,
2020-05-05T17:00:00,ITA,16,Puglia,110,Barletta-Andria-Trani,BT,41.22705039,16.29520432,379,,
2020-05-05T17:00:00,ITA,16,Puglia,074,Brindisi,BR,40.63848545,17.94601575,590,,
2020-05-05T17:00:00,ITA,16,Puglia,071,Foggia,FG,41.46226865,15.54305094,1077,,
2020-05-05T17:00:00,ITA,16,Puglia,075,Lecce,LE,40.35354285,18.1718973,498,,
2020-05-05T17:00:00,ITA,16,Puglia,073,Taranto,TA,40.47354739,17.23237181,265,,
2020-05-05T17:00:00,ITA,16,Puglia,992,In fase di definizione/aggiornamento,,0,0,33,,
2020-05-05T17:00:00,ITA,20,Sardegna,092,Cagliari,CA,39.21531192,9.110616306,243,,
2020-05-05T17:00:00,ITA,20,Sardegna,091,Nuoro,NU,40.32318834,9.330296393,78,,
2020-05-05T17:00:00,ITA,20,Sardegna,095,Oristano,OR,39.90381075,8.591183151,55,,
2020-05-05T17:00:00,ITA,20,Sardegna,090,Sassari,SS,40.72667657,8.559667131,848,,
2020-05-05T17:00:00,ITA,20,Sardegna,111,Sud Sardegna,SU,39.16641462,8.526242676,94,,
2020-05-05T17:00:00,ITA,20,Sardegna,993,In fase di definizione/aggiornamento,,0,0,0,,
2020-05-05T17:00:00,ITA,19,Sicilia,084,Agrigento,AG,37.30971088,13.5845749,135,,
2020-05-05T17:00:00,ITA,19,Sicilia,085,Caltanissetta,CL,37.49213171,14.06184973,162,,
2020-05-05T17:00:00,ITA,19,Sicilia,087,Catania,CT,37.50287803,15.08704691,1012,,
2020-05-05T17:00:00,ITA,19,Sicilia,086,Enna,EN,37.56705701,14.27909375,418,,
2020-05-05T17:00:00,ITA,19,Sicilia,083,Messina,ME,38.19395845,15.55572302,551,,
2020-05-05T17:00:00,ITA,19,Sicilia,082,Palermo,PA,38.11569725,13.3623567,521,,
2020-05-05T17:00:00,ITA,19,Sicilia,088,Ragusa,RG,36.92509198,14.73069891,94,,
2020-05-05T17:00:00,ITA,19,Sicilia,089,Siracusa,SR,37.05991687,15.29333182,235,,
2020-05-05T17:00:00,ITA,19,Sicilia,081,Trapani,TP,38.01850065,12.51365684,139,,
2020-05-05T17:00:00,ITA,19,Sicilia,994,In fase di definizione/aggiornamento,,0,0,0,,
2020-05-05T17:00:00,ITA,09,Toscana,051,Arezzo,AR,43.46642752,11.88228844,652,,
2020-05-05T17:00:00,ITA,09,Toscana,048,Firenze,FI,43.76923077,11.25588885,3242,,
2020-05-05T17:00:00,ITA,09,Toscana,053,Grosseto,GR,42.76026758,11.11356398,415,,
2020-05-05T17:00:00,ITA,09,Toscana,049,Livorno,LI,43.55234873,10.3086781,529,,
2020-05-05T17:00:00,ITA,09,Toscana,046,Lucca,LU,43.84432283,10.50151366,1310,,
2020-05-05T17:00:00,ITA,09,Toscana,045,Massa Carrara,MS,44.03674425,10.14173829,1020,,
2020-05-05T17:00:00,ITA,09,Toscana,050,Pisa,PI,43.71553206,10.40127259,860,,
2020-05-05T17:00:00,ITA,09,Toscana,047,Pistoia,PT,43.933465,10.91734146,647,,
2020-05-05T17:00:00,ITA,09,Toscana,100,Prato,PO,43.88062274,11.09703315,531,,
2020-05-05T17:00:00,ITA,09,Toscana,052,Siena,SI,43.31816374,11.33190988,425,,
2020-05-05T17:00:00,ITA,09,Toscana,995,In fase di definizione/aggiornamento,,0,0,0,,
2020-05-05T17:00:00,ITA,04,P.A. Trento,022,Trento,TN,46.06893511,11.12123097,4261,,
2020-05-05T17:00:00,ITA,04,P.A. Trento,996,In fase di definizione/aggiornamento,,0,0,0,,
2020-05-05T17:00:00,ITA,10,Umbria,054,Perugia,PG,43.10675841,12.38824698,992,,
2020-05-05T17:00:00,ITA,10,Umbria,055,Terni,TR,42.56071258,12.6466875,357,,
2020-05-05T17:00:00,ITA,10,Umbria,997,In fase di definizione/aggiornamento,,0,0,51,,
2020-05-05T17:00:00,ITA,02,Valle d'Aosta,007,Aosta,AO,45.73750286,7.320149366,1143,,
2020-05-05T17:00:00,ITA,02,Valle d'Aosta,998,In fase di definizione/aggiornamento,,0,0,0,,
2020-05-05T17:00:00,ITA,05,Veneto,025,Belluno,BL,46.13837528,12.21704167,1140,,
2020-05-05T17:00:00,ITA,05,Veneto,028,Padova,PD,45.40692987,11.87608718,3876,,
2020-05-05T17:00:00,ITA,05,Veneto,029,Rovigo,RO,45.07107289,11.79007,429,,
2020-05-05T17:00:00,ITA,05,Veneto,026,Treviso,TV,45.66754571,12.24507363,2560,,
2020-05-05T17:00:00,ITA,05,Veneto,027,Venezia,VE,45.43490485,12.33845213,2519,,
2020-05-05T17:00:00,ITA,05,Veneto,023,Verona,VR,45.43839046,10.99352685,4831,,
2020-05-05T17:00:00,ITA,05,Veneto,024,Vicenza,VI,45.547497,11.54597109,2722,,
2020-05-05T17:00:00,ITA,05,Veneto,999,In fase di definizione/aggiornamento,,0,0,325,,
=======
2020-05-06T17:00:00,ITA,13,Abruzzo,069,Chieti,CH,42.35103167,14.16754574,764,,
2020-05-06T17:00:00,ITA,13,Abruzzo,066,L'Aquila,AQ,42.35122196,13.39843823,242,,
2020-05-06T17:00:00,ITA,13,Abruzzo,068,Pescara,PE,42.46458398,14.21364822,1400,,
2020-05-06T17:00:00,ITA,13,Abruzzo,067,Teramo,TE,42.6589177,13.70439971,641,,
2020-05-06T17:00:00,ITA,13,Abruzzo,979,In fase di definizione/aggiornamento,,0,0,0,,
2020-05-06T17:00:00,ITA,17,Basilicata,077,Matera,MT,40.66751177,16.59792442,202,,
2020-05-06T17:00:00,ITA,17,Basilicata,076,Potenza,PZ,40.63947052,15.80514834,197,,
2020-05-06T17:00:00,ITA,17,Basilicata,980,In fase di definizione/aggiornamento,,0,0,0,,
2020-05-06T17:00:00,ITA,04,P.A. Bolzano,021,Bolzano,BZ,46.49933453,11.35662422,2543,,
2020-05-06T17:00:00,ITA,04,P.A. Bolzano,981,In fase di definizione/aggiornamento,,0,0,0,,
2020-05-06T17:00:00,ITA,18,Calabria,079,Catanzaro,CZ,38.90597598,16.59440194,209,,
2020-05-06T17:00:00,ITA,18,Calabria,078,Cosenza,CS,39.29308681,16.25609692,459,,
2020-05-06T17:00:00,ITA,18,Calabria,101,Crotone,KR,39.08036878,17.12538864,118,,
2020-05-06T17:00:00,ITA,18,Calabria,080,Reggio di Calabria,RC,38.10922769,15.6434527,259,,
2020-05-06T17:00:00,ITA,18,Calabria,102,Vibo Valentia,VV,38.67624147,16.10157414,75,,
2020-05-06T17:00:00,ITA,18,Calabria,982,In fase di definizione/aggiornamento,,0,0,2,,
2020-05-06T17:00:00,ITA,15,Campania,064,Avellino,AV,40.91404699,14.79528803,474,,
2020-05-06T17:00:00,ITA,15,Campania,062,Benevento,BN,41.12969987,14.78151683,186,,
2020-05-06T17:00:00,ITA,15,Campania,061,Caserta,CE,41.07465878,14.33240464,425,,
2020-05-06T17:00:00,ITA,15,Campania,063,Napoli,NA,40.83956555,14.25084984,2501,,
2020-05-06T17:00:00,ITA,15,Campania,065,Salerno,SA,40.67821961,14.7594026,664,,
2020-05-06T17:00:00,ITA,15,Campania,983,In fase di definizione/aggiornamento,,0,0,282,,
2020-05-06T17:00:00,ITA,08,Emilia-Romagna,037,Bologna,BO,44.49436681,11.3417208,4646,,
2020-05-06T17:00:00,ITA,08,Emilia-Romagna,038,Ferrara,FE,44.83599085,11.61868934,951,,
2020-05-06T17:00:00,ITA,08,Emilia-Romagna,040,Forlì-Cesena,FC,44.22268559,12.04068608,1644,,
2020-05-06T17:00:00,ITA,08,Emilia-Romagna,036,Modena,MO,44.64600009,10.92615487,3766,,
2020-05-06T17:00:00,ITA,08,Emilia-Romagna,034,Parma,PR,44.80107394,10.32834985,3244,,
2020-05-06T17:00:00,ITA,08,Emilia-Romagna,033,Piacenza,PC,45.05193462,9.692632596,4295,,
2020-05-06T17:00:00,ITA,08,Emilia-Romagna,039,Ravenna,RA,44.41722493,12.19913936,990,,
2020-05-06T17:00:00,ITA,08,Emilia-Romagna,035,Reggio nell'Emilia,RE,44.69735289,10.63007973,4799,,
2020-05-06T17:00:00,ITA,08,Emilia-Romagna,099,Rimini,RN,44.06090087,12.5656295,2044,,
2020-05-06T17:00:00,ITA,08,Emilia-Romagna,984,In fase di definizione/aggiornamento,,0,0,0,,
2020-05-06T17:00:00,ITA,06,Friuli Venezia Giulia,031,Gorizia,GO,45.94149817,13.62212502,190,,
2020-05-06T17:00:00,ITA,06,Friuli Venezia Giulia,093,Pordenone,PN,45.95443546,12.66002909,647,,
2020-05-06T17:00:00,ITA,06,Friuli Venezia Giulia,032,Trieste,TS,45.6494354,13.76813649,1298,,
2020-05-06T17:00:00,ITA,06,Friuli Venezia Giulia,030,Udine,UD,46.06255516,13.2348383,959,,
2020-05-06T17:00:00,ITA,06,Friuli Venezia Giulia,985,In fase di definizione/aggiornamento,,0,0,0,,
2020-05-06T17:00:00,ITA,12,Lazio,060,Frosinone,FR,41.63964569,13.35117161,571,,
2020-05-06T17:00:00,ITA,12,Lazio,059,Latina,LT,41.46759465,12.90368482,507,,
2020-05-06T17:00:00,ITA,12,Lazio,057,Rieti,RI,42.40488444,12.86205939,328,,
2020-05-06T17:00:00,ITA,12,Lazio,058,Roma,RM,41.89277044,12.48366722,5080,,
2020-05-06T17:00:00,ITA,12,Lazio,056,Viterbo,VT,42.4173828,12.10473416,403,,
2020-05-06T17:00:00,ITA,12,Lazio,986,In fase di definizione/aggiornamento,,0,0,106,,
2020-05-06T17:00:00,ITA,07,Liguria,010,Genova,GE,44.41149314,8.9326992,4968,,
2020-05-06T17:00:00,ITA,07,Liguria,008,Imperia,IM,43.88570648,8.027850298,1382,,
2020-05-06T17:00:00,ITA,07,Liguria,011,La Spezia,SP,44.10704991,9.8281897,868,,
2020-05-06T17:00:00,ITA,07,Liguria,009,Savona,SV,44.30750461,8.481108654,1325,,
2020-05-06T17:00:00,ITA,07,Liguria,987,In fase di definizione/aggiornamento,,0,0,8,,
2020-05-06T17:00:00,ITA,03,Lombardia,016,Bergamo,BG,45.69441368,9.668424528,11587,,
2020-05-06T17:00:00,ITA,03,Lombardia,017,Brescia,BS,45.53993052,10.21910323,13267,,
2020-05-06T17:00:00,ITA,03,Lombardia,013,Como,CO,45.8099912,9.085159546,3401,,
2020-05-06T17:00:00,ITA,03,Lombardia,019,Cremona,CR,45.13336675,10.02420865,6151,,
2020-05-06T17:00:00,ITA,03,Lombardia,097,Lecco,LC,45.85575781,9.393392246,2381,,
2020-05-06T17:00:00,ITA,03,Lombardia,098,Lodi,LO,45.31440693,9.503720769,3155,,
2020-05-06T17:00:00,ITA,03,Lombardia,020,Mantova,MN,45.15726772,10.79277363,3217,,
2020-05-06T17:00:00,ITA,03,Lombardia,015,Milano,MI,45.46679409,9.190347404,20711,,
2020-05-06T17:00:00,ITA,03,Lombardia,108,Monza e della Brianza,MB,45.58439043,9.273582472,4893,,
2020-05-06T17:00:00,ITA,03,Lombardia,018,Pavia,PV,45.18509264,9.160157191,4621,,
2020-05-06T17:00:00,ITA,03,Lombardia,014,Sondrio,SO,46.17099261,9.87147489,1230,,
2020-05-06T17:00:00,ITA,03,Lombardia,012,Varese,VA,45.81701677,8.822868344,3018,,
2020-05-06T17:00:00,ITA,03,Lombardia,988,In fase di definizione/aggiornamento,,0,0,1737,,
2020-05-06T17:00:00,ITA,11,Marche,042,Ancona,AN,43.61675973,13.5188753,1822,,
2020-05-06T17:00:00,ITA,11,Marche,044,Ascoli Piceno,AP,42.85322304,13.57691127,285,,
2020-05-06T17:00:00,ITA,11,Marche,109,Fermo,FM,43.16058534,13.71839535,454,,
2020-05-06T17:00:00,ITA,11,Marche,043,Macerata,MC,43.30023926,13.45307182,1047,,
2020-05-06T17:00:00,ITA,11,Marche,041,Pesaro e Urbino,PU,43.91014021,12.91345989,2604,,
2020-05-06T17:00:00,ITA,11,Marche,989,In fase di definizione/aggiornamento,,0,0,209,,
2020-05-06T17:00:00,ITA,14,Molise,070,Campobasso,CB,41.55774754,14.65916051,228,,
2020-05-06T17:00:00,ITA,14,Molise,094,Isernia,IS,41.58800826,14.22575407,57,,
2020-05-06T17:00:00,ITA,14,Molise,990,In fase di definizione/aggiornamento,,0,0,19,,
2020-05-06T17:00:00,ITA,01,Piemonte,006,Alessandria,AL,44.91297351,8.615401155,3622,,
2020-05-06T17:00:00,ITA,01,Piemonte,005,Asti,AT,44.89912921,8.204142547,1641,,
2020-05-06T17:00:00,ITA,01,Piemonte,096,Biella,BI,45.5665112,8.054082167,997,,
2020-05-06T17:00:00,ITA,01,Piemonte,004,Cuneo,CN,44.39329625,7.551171632,2587,,
2020-05-06T17:00:00,ITA,01,Piemonte,003,Novara,NO,45.44588506,8.621915884,2399,,
2020-05-06T17:00:00,ITA,01,Piemonte,001,Torino,TO,45.0732745,7.680687483,14116,,
2020-05-06T17:00:00,ITA,01,Piemonte,103,Verbano-Cusio-Ossola,VB,45.9214455,8.551078753,1068,,
2020-05-06T17:00:00,ITA,01,Piemonte,002,Vercelli,VC,45.32398135,8.423234312,1152,,
2020-05-06T17:00:00,ITA,01,Piemonte,991,In fase di definizione/aggiornamento,,0,0,357,,
2020-05-06T17:00:00,ITA,16,Puglia,072,Bari,BA,41.12559576,16.86736689,1333,,
2020-05-06T17:00:00,ITA,16,Puglia,110,Barletta-Andria-Trani,BT,41.22705039,16.29520432,380,,
2020-05-06T17:00:00,ITA,16,Puglia,074,Brindisi,BR,40.63848545,17.94601575,597,,
2020-05-06T17:00:00,ITA,16,Puglia,071,Foggia,FG,41.46226865,15.54305094,1088,,
2020-05-06T17:00:00,ITA,16,Puglia,075,Lecce,LE,40.35354285,18.1718973,500,,
2020-05-06T17:00:00,ITA,16,Puglia,073,Taranto,TA,40.47354739,17.23237181,268,,
2020-05-06T17:00:00,ITA,16,Puglia,992,In fase di definizione/aggiornamento,,0,0,30,,
2020-05-06T17:00:00,ITA,20,Sardegna,092,Cagliari,CA,39.21531192,9.110616306,243,,
2020-05-06T17:00:00,ITA,20,Sardegna,091,Nuoro,NU,40.32318834,9.330296393,78,,
2020-05-06T17:00:00,ITA,20,Sardegna,095,Oristano,OR,39.90381075,8.591183151,55,,
2020-05-06T17:00:00,ITA,20,Sardegna,090,Sassari,SS,40.72667657,8.559667131,849,,
2020-05-06T17:00:00,ITA,20,Sardegna,111,Sud Sardegna,SU,39.16641462,8.526242676,94,,
2020-05-06T17:00:00,ITA,20,Sardegna,993,In fase di definizione/aggiornamento,,0,0,0,,
2020-05-06T17:00:00,ITA,19,Sicilia,084,Agrigento,AG,37.30971088,13.5845749,135,,
2020-05-06T17:00:00,ITA,19,Sicilia,085,Caltanissetta,CL,37.49213171,14.06184973,162,,
2020-05-06T17:00:00,ITA,19,Sicilia,087,Catania,CT,37.50287803,15.08704691,1021,,
2020-05-06T17:00:00,ITA,19,Sicilia,086,Enna,EN,37.56705701,14.27909375,421,,
2020-05-06T17:00:00,ITA,19,Sicilia,083,Messina,ME,38.19395845,15.55572302,552,,
2020-05-06T17:00:00,ITA,19,Sicilia,082,Palermo,PA,38.11569725,13.3623567,522,,
2020-05-06T17:00:00,ITA,19,Sicilia,088,Ragusa,RG,36.92509198,14.73069891,94,,
2020-05-06T17:00:00,ITA,19,Sicilia,089,Siracusa,SR,37.05991687,15.29333182,235,,
2020-05-06T17:00:00,ITA,19,Sicilia,081,Trapani,TP,38.01850065,12.51365684,139,,
2020-05-06T17:00:00,ITA,19,Sicilia,994,In fase di definizione/aggiornamento,,0,0,0,,
2020-05-06T17:00:00,ITA,09,Toscana,051,Arezzo,AR,43.46642752,11.88228844,654,,
2020-05-06T17:00:00,ITA,09,Toscana,048,Firenze,FI,43.76923077,11.25588885,3257,,
2020-05-06T17:00:00,ITA,09,Toscana,053,Grosseto,GR,42.76026758,11.11356398,416,,
2020-05-06T17:00:00,ITA,09,Toscana,049,Livorno,LI,43.55234873,10.3086781,529,,
2020-05-06T17:00:00,ITA,09,Toscana,046,Lucca,LU,43.84432283,10.50151366,1314,,
2020-05-06T17:00:00,ITA,09,Toscana,045,Massa Carrara,MS,44.03674425,10.14173829,1020,,
2020-05-06T17:00:00,ITA,09,Toscana,050,Pisa,PI,43.71553206,10.40127259,862,,
2020-05-06T17:00:00,ITA,09,Toscana,047,Pistoia,PT,43.933465,10.91734146,647,,
2020-05-06T17:00:00,ITA,09,Toscana,100,Prato,PO,43.88062274,11.09703315,533,,
2020-05-06T17:00:00,ITA,09,Toscana,052,Siena,SI,43.31816374,11.33190988,425,,
2020-05-06T17:00:00,ITA,09,Toscana,995,In fase di definizione/aggiornamento,,0,0,0,,
2020-05-06T17:00:00,ITA,04,P.A. Trento,022,Trento,TN,46.06893511,11.12123097,4280,,
2020-05-06T17:00:00,ITA,04,P.A. Trento,996,In fase di definizione/aggiornamento,,0,0,0,,
2020-05-06T17:00:00,ITA,10,Umbria,054,Perugia,PG,43.10675841,12.38824698,993,,
2020-05-06T17:00:00,ITA,10,Umbria,055,Terni,TR,42.56071258,12.6466875,359,,
2020-05-06T17:00:00,ITA,10,Umbria,997,In fase di definizione/aggiornamento,,0,0,52,,
2020-05-06T17:00:00,ITA,02,Valle d'Aosta,007,Aosta,AO,45.73750286,7.320149366,1146,,
2020-05-06T17:00:00,ITA,02,Valle d'Aosta,998,In fase di definizione/aggiornamento,,0,0,0,,
2020-05-06T17:00:00,ITA,05,Veneto,025,Belluno,BL,46.13837528,12.21704167,1141,,
2020-05-06T17:00:00,ITA,05,Veneto,028,Padova,PD,45.40692987,11.87608718,3879,,
2020-05-06T17:00:00,ITA,05,Veneto,029,Rovigo,RO,45.07107289,11.79007,430,,
2020-05-06T17:00:00,ITA,05,Veneto,026,Treviso,TV,45.66754571,12.24507363,2563,,
2020-05-06T17:00:00,ITA,05,Veneto,027,Venezia,VE,45.43490485,12.33845213,2550,,
2020-05-06T17:00:00,ITA,05,Veneto,023,Verona,VR,45.43839046,10.99352685,4860,,
2020-05-06T17:00:00,ITA,05,Veneto,024,Vicenza,VI,45.547497,11.54597109,2732,,
2020-05-06T17:00:00,ITA,05,Veneto,999,In fase di definizione/aggiornamento,,0,0,324,,
>>>>>>> upstream/master
=======
2020-05-07T17:00:00,ITA,13,Abruzzo,069,Chieti,CH,42.35103167,14.16754574,767,,
2020-05-07T17:00:00,ITA,13,Abruzzo,066,L'Aquila,AQ,42.35122196,13.39843823,243,,
2020-05-07T17:00:00,ITA,13,Abruzzo,068,Pescara,PE,42.46458398,14.21364822,1421,,
2020-05-07T17:00:00,ITA,13,Abruzzo,067,Teramo,TE,42.6589177,13.70439971,641,,
2020-05-07T17:00:00,ITA,13,Abruzzo,979,In fase di definizione/aggiornamento,,0,0,0,,
2020-05-07T17:00:00,ITA,17,Basilicata,077,Matera,MT,40.66751177,16.59792442,202,,
2020-05-07T17:00:00,ITA,17,Basilicata,076,Potenza,PZ,40.63947052,15.80514834,181,,
2020-05-07T17:00:00,ITA,17,Basilicata,980,In fase di definizione/aggiornamento,,0,0,0,,
2020-05-07T17:00:00,ITA,04,P.A. Bolzano,021,Bolzano,BZ,46.49933453,11.35662422,2552,,
2020-05-07T17:00:00,ITA,04,P.A. Bolzano,981,In fase di definizione/aggiornamento,,0,0,0,,
2020-05-07T17:00:00,ITA,18,Calabria,079,Catanzaro,CZ,38.90597598,16.59440194,210,,
2020-05-07T17:00:00,ITA,18,Calabria,078,Cosenza,CS,39.29308681,16.25609692,460,,
2020-05-07T17:00:00,ITA,18,Calabria,101,Crotone,KR,39.08036878,17.12538864,118,,
2020-05-07T17:00:00,ITA,18,Calabria,080,Reggio di Calabria,RC,38.10922769,15.6434527,260,,
2020-05-07T17:00:00,ITA,18,Calabria,102,Vibo Valentia,VV,38.67624147,16.10157414,75,,
2020-05-07T17:00:00,ITA,18,Calabria,982,In fase di definizione/aggiornamento,,0,0,2,,
2020-05-07T17:00:00,ITA,15,Campania,064,Avellino,AV,40.91404699,14.79528803,474,,
2020-05-07T17:00:00,ITA,15,Campania,062,Benevento,BN,41.12969987,14.78151683,189,,
2020-05-07T17:00:00,ITA,15,Campania,061,Caserta,CE,41.07465878,14.33240464,425,,
2020-05-07T17:00:00,ITA,15,Campania,063,Napoli,NA,40.83956555,14.25084984,2506,,
2020-05-07T17:00:00,ITA,15,Campania,065,Salerno,SA,40.67821961,14.7594026,664,,
2020-05-07T17:00:00,ITA,15,Campania,983,In fase di definizione/aggiornamento,,0,0,283,,
2020-05-07T17:00:00,ITA,08,Emilia-Romagna,037,Bologna,BO,44.49436681,11.3417208,4685,,
2020-05-07T17:00:00,ITA,08,Emilia-Romagna,038,Ferrara,FE,44.83599085,11.61868934,960,,
2020-05-07T17:00:00,ITA,08,Emilia-Romagna,040,Forlì-Cesena,FC,44.22268559,12.04068608,1651,,
2020-05-07T17:00:00,ITA,08,Emilia-Romagna,036,Modena,MO,44.64600009,10.92615487,3772,,
2020-05-07T17:00:00,ITA,08,Emilia-Romagna,034,Parma,PR,44.80107394,10.32834985,3260,,
2020-05-07T17:00:00,ITA,08,Emilia-Romagna,033,Piacenza,PC,45.05193462,9.692632596,4300,,
2020-05-07T17:00:00,ITA,08,Emilia-Romagna,039,Ravenna,RA,44.41722493,12.19913936,993,,
2020-05-07T17:00:00,ITA,08,Emilia-Romagna,035,Reggio nell'Emilia,RE,44.69735289,10.63007973,4812,,
2020-05-07T17:00:00,ITA,08,Emilia-Romagna,099,Rimini,RN,44.06090087,12.5656295,2054,,
2020-05-07T17:00:00,ITA,08,Emilia-Romagna,984,In fase di definizione/aggiornamento,,0,0,0,,
2020-05-07T17:00:00,ITA,06,Friuli Venezia Giulia,031,Gorizia,GO,45.94149817,13.62212502,192,,
2020-05-07T17:00:00,ITA,06,Friuli Venezia Giulia,093,Pordenone,PN,45.95443546,12.66002909,648,,
2020-05-07T17:00:00,ITA,06,Friuli Venezia Giulia,032,Trieste,TS,45.6494354,13.76813649,1300,,
2020-05-07T17:00:00,ITA,06,Friuli Venezia Giulia,030,Udine,UD,46.06255516,13.2348383,967,,
2020-05-07T17:00:00,ITA,06,Friuli Venezia Giulia,985,In fase di definizione/aggiornamento,,0,0,0,,
2020-05-07T17:00:00,ITA,12,Lazio,060,Frosinone,FR,41.63964569,13.35117161,573,,
2020-05-07T17:00:00,ITA,12,Lazio,059,Latina,LT,41.46759465,12.90368482,507,,
2020-05-07T17:00:00,ITA,12,Lazio,057,Rieti,RI,42.40488444,12.86205939,328,,
2020-05-07T17:00:00,ITA,12,Lazio,058,Roma,RM,41.89277044,12.48366722,5117,,
2020-05-07T17:00:00,ITA,12,Lazio,056,Viterbo,VT,42.4173828,12.10473416,403,,
2020-05-07T17:00:00,ITA,12,Lazio,986,In fase di definizione/aggiornamento,,0,0,106,,
2020-05-07T17:00:00,ITA,07,Liguria,010,Genova,GE,44.41149314,8.9326992,5007,,
2020-05-07T17:00:00,ITA,07,Liguria,008,Imperia,IM,43.88570648,8.027850298,1389,,
2020-05-07T17:00:00,ITA,07,Liguria,011,La Spezia,SP,44.10704991,9.8281897,871,,
2020-05-07T17:00:00,ITA,07,Liguria,009,Savona,SV,44.30750461,8.481108654,1370,,
2020-05-07T17:00:00,ITA,07,Liguria,987,In fase di definizione/aggiornamento,,0,0,8,,
2020-05-07T17:00:00,ITA,03,Lombardia,016,Bergamo,BG,45.69441368,9.668424528,11622,,
2020-05-07T17:00:00,ITA,03,Lombardia,017,Brescia,BS,45.53993052,10.21910323,13391,,
2020-05-07T17:00:00,ITA,03,Lombardia,013,Como,CO,45.8099912,9.085159546,3440,,
2020-05-07T17:00:00,ITA,03,Lombardia,019,Cremona,CR,45.13336675,10.02420865,6178,,
2020-05-07T17:00:00,ITA,03,Lombardia,097,Lecco,LC,45.85575781,9.393392246,2419,,
2020-05-07T17:00:00,ITA,03,Lombardia,098,Lodi,LO,45.31440693,9.503720769,3204,,
2020-05-07T17:00:00,ITA,03,Lombardia,020,Mantova,MN,45.15726772,10.79277363,3221,,
2020-05-07T17:00:00,ITA,03,Lombardia,015,Milano,MI,45.46679409,9.190347404,20893,,
2020-05-07T17:00:00,ITA,03,Lombardia,108,Monza e della Brianza,MB,45.58439043,9.273582472,4974,,
2020-05-07T17:00:00,ITA,03,Lombardia,018,Pavia,PV,45.18509264,9.160157191,4652,,
2020-05-07T17:00:00,ITA,03,Lombardia,014,Sondrio,SO,46.17099261,9.87147489,1266,,
2020-05-07T17:00:00,ITA,03,Lombardia,012,Varese,VA,45.81701677,8.822868344,3073,,
2020-05-07T17:00:00,ITA,03,Lombardia,988,In fase di definizione/aggiornamento,,0,0,1756,,
2020-05-07T17:00:00,ITA,11,Marche,042,Ancona,AN,43.61675973,13.5188753,1822,,
2020-05-07T17:00:00,ITA,11,Marche,044,Ascoli Piceno,AP,42.85322304,13.57691127,286,,
2020-05-07T17:00:00,ITA,11,Marche,109,Fermo,FM,43.16058534,13.71839535,454,,
2020-05-07T17:00:00,ITA,11,Marche,043,Macerata,MC,43.30023926,13.45307182,1050,,
2020-05-07T17:00:00,ITA,11,Marche,041,Pesaro e Urbino,PU,43.91014021,12.91345989,2630,,
2020-05-07T17:00:00,ITA,11,Marche,989,In fase di definizione/aggiornamento,,0,0,210,,
2020-05-07T17:00:00,ITA,14,Molise,070,Campobasso,CB,41.55774754,14.65916051,229,,
2020-05-07T17:00:00,ITA,14,Molise,094,Isernia,IS,41.58800826,14.22575407,57,,
2020-05-07T17:00:00,ITA,14,Molise,990,In fase di definizione/aggiornamento,,0,0,19,,
2020-05-07T17:00:00,ITA,01,Piemonte,006,Alessandria,AL,44.91297351,8.615401155,3654,,
2020-05-07T17:00:00,ITA,01,Piemonte,005,Asti,AT,44.89912921,8.204142547,1655,,
2020-05-07T17:00:00,ITA,01,Piemonte,096,Biella,BI,45.5665112,8.054082167,1002,,
2020-05-07T17:00:00,ITA,01,Piemonte,004,Cuneo,CN,44.39329625,7.551171632,2603,,
2020-05-07T17:00:00,ITA,01,Piemonte,003,Novara,NO,45.44588506,8.621915884,2434,,
2020-05-07T17:00:00,ITA,01,Piemonte,001,Torino,TO,45.0732745,7.680687483,14204,,
2020-05-07T17:00:00,ITA,01,Piemonte,103,Verbano-Cusio-Ossola,VB,45.9214455,8.551078753,1069,,
2020-05-07T17:00:00,ITA,01,Piemonte,002,Vercelli,VC,45.32398135,8.423234312,1160,,
2020-05-07T17:00:00,ITA,01,Piemonte,991,In fase di definizione/aggiornamento,,0,0,354,,
2020-05-07T17:00:00,ITA,16,Puglia,072,Bari,BA,41.12559576,16.86736689,1362,,
2020-05-07T17:00:00,ITA,16,Puglia,110,Barletta-Andria-Trani,BT,41.22705039,16.29520432,380,,
2020-05-07T17:00:00,ITA,16,Puglia,074,Brindisi,BR,40.63848545,17.94601575,600,,
2020-05-07T17:00:00,ITA,16,Puglia,071,Foggia,FG,41.46226865,15.54305094,1098,,
2020-05-07T17:00:00,ITA,16,Puglia,075,Lecce,LE,40.35354285,18.1718973,502,,
2020-05-07T17:00:00,ITA,16,Puglia,073,Taranto,TA,40.47354739,17.23237181,270,,
2020-05-07T17:00:00,ITA,16,Puglia,992,In fase di definizione/aggiornamento,,0,0,33,,
2020-05-07T17:00:00,ITA,20,Sardegna,092,Cagliari,CA,39.21531192,9.110616306,243,,
2020-05-07T17:00:00,ITA,20,Sardegna,091,Nuoro,NU,40.32318834,9.330296393,78,,
2020-05-07T17:00:00,ITA,20,Sardegna,095,Oristano,OR,39.90381075,8.591183151,55,,
2020-05-07T17:00:00,ITA,20,Sardegna,090,Sassari,SS,40.72667657,8.559667131,854,,
2020-05-07T17:00:00,ITA,20,Sardegna,111,Sud Sardegna,SU,39.16641462,8.526242676,94,,
2020-05-07T17:00:00,ITA,20,Sardegna,993,In fase di definizione/aggiornamento,,0,0,0,,
2020-05-07T17:00:00,ITA,19,Sicilia,084,Agrigento,AG,37.30971088,13.5845749,135,,
2020-05-07T17:00:00,ITA,19,Sicilia,085,Caltanissetta,CL,37.49213171,14.06184973,162,,
2020-05-07T17:00:00,ITA,19,Sicilia,087,Catania,CT,37.50287803,15.08704691,1027,,
2020-05-07T17:00:00,ITA,19,Sicilia,086,Enna,EN,37.56705701,14.27909375,421,,
2020-05-07T17:00:00,ITA,19,Sicilia,083,Messina,ME,38.19395845,15.55572302,552,,
2020-05-07T17:00:00,ITA,19,Sicilia,082,Palermo,PA,38.11569725,13.3623567,523,,
2020-05-07T17:00:00,ITA,19,Sicilia,088,Ragusa,RG,36.92509198,14.73069891,94,,
2020-05-07T17:00:00,ITA,19,Sicilia,089,Siracusa,SR,37.05991687,15.29333182,235,,
2020-05-07T17:00:00,ITA,19,Sicilia,081,Trapani,TP,38.01850065,12.51365684,139,,
2020-05-07T17:00:00,ITA,19,Sicilia,994,In fase di definizione/aggiornamento,,0,0,0,,
2020-05-07T17:00:00,ITA,09,Toscana,051,Arezzo,AR,43.46642752,11.88228844,655,,
2020-05-07T17:00:00,ITA,09,Toscana,048,Firenze,FI,43.76923077,11.25588885,3275,,
2020-05-07T17:00:00,ITA,09,Toscana,053,Grosseto,GR,42.76026758,11.11356398,416,,
2020-05-07T17:00:00,ITA,09,Toscana,049,Livorno,LI,43.55234873,10.3086781,530,,
2020-05-07T17:00:00,ITA,09,Toscana,046,Lucca,LU,43.84432283,10.50151366,1316,,
2020-05-07T17:00:00,ITA,09,Toscana,045,Massa Carrara,MS,44.03674425,10.14173829,1021,,
2020-05-07T17:00:00,ITA,09,Toscana,050,Pisa,PI,43.71553206,10.40127259,863,,
2020-05-07T17:00:00,ITA,09,Toscana,047,Pistoia,PT,43.933465,10.91734146,647,,
2020-05-07T17:00:00,ITA,09,Toscana,100,Prato,PO,43.88062274,11.09703315,535,,
2020-05-07T17:00:00,ITA,09,Toscana,052,Siena,SI,43.31816374,11.33190988,425,,
2020-05-07T17:00:00,ITA,09,Toscana,995,In fase di definizione/aggiornamento,,0,0,0,,
2020-05-07T17:00:00,ITA,04,P.A. Trento,022,Trento,TN,46.06893511,11.12123097,4283,,
2020-05-07T17:00:00,ITA,04,P.A. Trento,996,In fase di definizione/aggiornamento,,0,0,0,,
2020-05-07T17:00:00,ITA,10,Umbria,054,Perugia,PG,43.10675841,12.38824698,994,,
2020-05-07T17:00:00,ITA,10,Umbria,055,Terni,TR,42.56071258,12.6466875,359,,
2020-05-07T17:00:00,ITA,10,Umbria,997,In fase di definizione/aggiornamento,,0,0,52,,
2020-05-07T17:00:00,ITA,02,Valle d'Aosta,007,Aosta,AO,45.73750286,7.320149366,1150,,
2020-05-07T17:00:00,ITA,02,Valle d'Aosta,998,In fase di definizione/aggiornamento,,0,0,0,,
2020-05-07T17:00:00,ITA,05,Veneto,025,Belluno,BL,46.13837528,12.21704167,1142,,
2020-05-07T17:00:00,ITA,05,Veneto,028,Padova,PD,45.40692987,11.87608718,3885,,
2020-05-07T17:00:00,ITA,05,Veneto,029,Rovigo,RO,45.07107289,11.79007,429,,
2020-05-07T17:00:00,ITA,05,Veneto,026,Treviso,TV,45.66754571,12.24507363,2565,,
2020-05-07T17:00:00,ITA,05,Veneto,027,Venezia,VE,45.43490485,12.33845213,2568,,
2020-05-07T17:00:00,ITA,05,Veneto,023,Verona,VR,45.43839046,10.99352685,4897,,
2020-05-07T17:00:00,ITA,05,Veneto,024,Vicenza,VI,45.547497,11.54597109,2743,,
2020-05-07T17:00:00,ITA,05,Veneto,999,In fase di definizione/aggiornamento,,0,0,324,,
>>>>>>> upstream/master
=======
2020-05-08T17:00:00,ITA,13,Abruzzo,069,Chieti,CH,42.35103167,14.16754574,769,,
2020-05-08T17:00:00,ITA,13,Abruzzo,066,L'Aquila,AQ,42.35122196,13.39843823,243,,
2020-05-08T17:00:00,ITA,13,Abruzzo,068,Pescara,PE,42.46458398,14.21364822,1423,,
2020-05-08T17:00:00,ITA,13,Abruzzo,067,Teramo,TE,42.6589177,13.70439971,643,,
2020-05-08T17:00:00,ITA,13,Abruzzo,979,In fase di definizione/aggiornamento,,0,0,0,,
2020-05-08T17:00:00,ITA,17,Basilicata,077,Matera,MT,40.66751177,16.59792442,202,,
2020-05-08T17:00:00,ITA,17,Basilicata,076,Potenza,PZ,40.63947052,15.80514834,180,,
2020-05-08T17:00:00,ITA,17,Basilicata,980,In fase di definizione/aggiornamento,,0,0,0,,
2020-05-08T17:00:00,ITA,04,P.A. Bolzano,021,Bolzano,BZ,46.49933453,11.35662422,2558,,
2020-05-08T17:00:00,ITA,04,P.A. Bolzano,981,In fase di definizione/aggiornamento,,0,0,0,,
2020-05-08T17:00:00,ITA,18,Calabria,079,Catanzaro,CZ,38.90597598,16.59440194,210,,
2020-05-08T17:00:00,ITA,18,Calabria,078,Cosenza,CS,39.29308681,16.25609692,460,,
2020-05-08T17:00:00,ITA,18,Calabria,101,Crotone,KR,39.08036878,17.12538864,118,,
2020-05-08T17:00:00,ITA,18,Calabria,080,Reggio di Calabria,RC,38.10922769,15.6434527,261,,
2020-05-08T17:00:00,ITA,18,Calabria,102,Vibo Valentia,VV,38.67624147,16.10157414,75,,
2020-05-08T17:00:00,ITA,18,Calabria,982,In fase di definizione/aggiornamento,,0,0,2,,
2020-05-08T17:00:00,ITA,15,Campania,064,Avellino,AV,40.91404699,14.79528803,486,,
2020-05-08T17:00:00,ITA,15,Campania,062,Benevento,BN,41.12969987,14.78151683,189,,
2020-05-08T17:00:00,ITA,15,Campania,061,Caserta,CE,41.07465878,14.33240464,429,,
2020-05-08T17:00:00,ITA,15,Campania,063,Napoli,NA,40.83956555,14.25084984,2514,,
2020-05-08T17:00:00,ITA,15,Campania,065,Salerno,SA,40.67821961,14.7594026,664,,
2020-05-08T17:00:00,ITA,15,Campania,983,In fase di definizione/aggiornamento,,0,0,280,,
2020-05-08T17:00:00,ITA,08,Emilia-Romagna,037,Bologna,BO,44.49436681,11.3417208,4720,,
2020-05-08T17:00:00,ITA,08,Emilia-Romagna,038,Ferrara,FE,44.83599085,11.61868934,970,,
2020-05-08T17:00:00,ITA,08,Emilia-Romagna,040,Forlì-Cesena,FC,44.22268559,12.04068608,1661,,
2020-05-08T17:00:00,ITA,08,Emilia-Romagna,036,Modena,MO,44.64600009,10.92615487,3779,,
2020-05-08T17:00:00,ITA,08,Emilia-Romagna,034,Parma,PR,44.80107394,10.32834985,3266,,
2020-05-08T17:00:00,ITA,08,Emilia-Romagna,033,Piacenza,PC,45.05193462,9.692632596,4334,,
2020-05-08T17:00:00,ITA,08,Emilia-Romagna,039,Ravenna,RA,44.41722493,12.19913936,993,,
2020-05-08T17:00:00,ITA,08,Emilia-Romagna,035,Reggio nell'Emilia,RE,44.69735289,10.63007973,4819,,
2020-05-08T17:00:00,ITA,08,Emilia-Romagna,099,Rimini,RN,44.06090087,12.5656295,2056,,
2020-05-08T17:00:00,ITA,08,Emilia-Romagna,984,In fase di definizione/aggiornamento,,0,0,0,,
2020-05-08T17:00:00,ITA,06,Friuli Venezia Giulia,031,Gorizia,GO,45.94149817,13.62212502,194,,
2020-05-08T17:00:00,ITA,06,Friuli Venezia Giulia,093,Pordenone,PN,45.95443546,12.66002909,649,,
2020-05-08T17:00:00,ITA,06,Friuli Venezia Giulia,032,Trieste,TS,45.6494354,13.76813649,1306,,
2020-05-08T17:00:00,ITA,06,Friuli Venezia Giulia,030,Udine,UD,46.06255516,13.2348383,967,,
2020-05-08T17:00:00,ITA,06,Friuli Venezia Giulia,985,In fase di definizione/aggiornamento,,0,0,0,,
2020-05-08T17:00:00,ITA,12,Lazio,060,Frosinone,FR,41.63964569,13.35117161,573,,
2020-05-08T17:00:00,ITA,12,Lazio,059,Latina,LT,41.46759465,12.90368482,507,,
2020-05-08T17:00:00,ITA,12,Lazio,057,Rieti,RI,42.40488444,12.86205939,331,,
2020-05-08T17:00:00,ITA,12,Lazio,058,Roma,RM,41.89277044,12.48366722,5164,,
2020-05-08T17:00:00,ITA,12,Lazio,056,Viterbo,VT,42.4173828,12.10473416,406,,
2020-05-08T17:00:00,ITA,12,Lazio,986,In fase di definizione/aggiornamento,,0,0,105,,
2020-05-08T17:00:00,ITA,07,Liguria,010,Genova,GE,44.41149314,8.9326992,5056,,
2020-05-08T17:00:00,ITA,07,Liguria,008,Imperia,IM,43.88570648,8.027850298,1399,,
2020-05-08T17:00:00,ITA,07,Liguria,011,La Spezia,SP,44.10704991,9.8281897,877,,
2020-05-08T17:00:00,ITA,07,Liguria,009,Savona,SV,44.30750461,8.481108654,1383,,
2020-05-08T17:00:00,ITA,07,Liguria,987,In fase di definizione/aggiornamento,,0,0,8,,
2020-05-08T17:00:00,ITA,03,Lombardia,016,Bergamo,BG,45.69441368,9.668424528,11671,,
2020-05-08T17:00:00,ITA,03,Lombardia,017,Brescia,BS,45.53993052,10.21910323,13460,,
2020-05-08T17:00:00,ITA,03,Lombardia,013,Como,CO,45.8099912,9.085159546,3470,,
2020-05-08T17:00:00,ITA,03,Lombardia,019,Cremona,CR,45.13336675,10.02420865,6219,,
2020-05-08T17:00:00,ITA,03,Lombardia,097,Lecco,LC,45.85575781,9.393392246,2448,,
2020-05-08T17:00:00,ITA,03,Lombardia,098,Lodi,LO,45.31440693,9.503720769,3222,,
2020-05-08T17:00:00,ITA,03,Lombardia,020,Mantova,MN,45.15726772,10.79277363,3237,,
2020-05-08T17:00:00,ITA,03,Lombardia,015,Milano,MI,45.46679409,9.190347404,21094,,
2020-05-08T17:00:00,ITA,03,Lombardia,108,Monza e della Brianza,MB,45.58439043,9.273582472,5015,,
2020-05-08T17:00:00,ITA,03,Lombardia,018,Pavia,PV,45.18509264,9.160157191,4704,,
2020-05-08T17:00:00,ITA,03,Lombardia,014,Sondrio,SO,46.17099261,9.87147489,1276,,
2020-05-08T17:00:00,ITA,03,Lombardia,012,Varese,VA,45.81701677,8.822868344,3148,,
2020-05-08T17:00:00,ITA,03,Lombardia,988,In fase di definizione/aggiornamento,,0,0,1759,,
2020-05-08T17:00:00,ITA,11,Marche,042,Ancona,AN,43.61675973,13.5188753,1826,,
2020-05-08T17:00:00,ITA,11,Marche,044,Ascoli Piceno,AP,42.85322304,13.57691127,287,,
2020-05-08T17:00:00,ITA,11,Marche,109,Fermo,FM,43.16058534,13.71839535,454,,
2020-05-08T17:00:00,ITA,11,Marche,043,Macerata,MC,43.30023926,13.45307182,1051,,
2020-05-08T17:00:00,ITA,11,Marche,041,Pesaro e Urbino,PU,43.91014021,12.91345989,2639,,
2020-05-08T17:00:00,ITA,11,Marche,989,In fase di definizione/aggiornamento,,0,0,213,,
2020-05-08T17:00:00,ITA,14,Molise,070,Campobasso,CB,41.55774754,14.65916051,251,,
2020-05-08T17:00:00,ITA,14,Molise,094,Isernia,IS,41.58800826,14.22575407,57,,
2020-05-08T17:00:00,ITA,14,Molise,990,In fase di definizione/aggiornamento,,0,0,19,,
2020-05-08T17:00:00,ITA,01,Piemonte,006,Alessandria,AL,44.91297351,8.615401155,3712,,
2020-05-08T17:00:00,ITA,01,Piemonte,005,Asti,AT,44.89912921,8.204142547,1666,,
2020-05-08T17:00:00,ITA,01,Piemonte,096,Biella,BI,45.5665112,8.054082167,1002,,
2020-05-08T17:00:00,ITA,01,Piemonte,004,Cuneo,CN,44.39329625,7.551171632,2628,,
2020-05-08T17:00:00,ITA,01,Piemonte,003,Novara,NO,45.44588506,8.621915884,2442,,
2020-05-08T17:00:00,ITA,01,Piemonte,001,Torino,TO,45.0732745,7.680687483,14320,,
2020-05-08T17:00:00,ITA,01,Piemonte,103,Verbano-Cusio-Ossola,VB,45.9214455,8.551078753,1070,,
2020-05-08T17:00:00,ITA,01,Piemonte,002,Vercelli,VC,45.32398135,8.423234312,1168,,
2020-05-08T17:00:00,ITA,01,Piemonte,991,In fase di definizione/aggiornamento,,0,0,360,,
2020-05-08T17:00:00,ITA,16,Puglia,072,Bari,BA,41.12559576,16.86736689,1371,,
2020-05-08T17:00:00,ITA,16,Puglia,110,Barletta-Andria-Trani,BT,41.22705039,16.29520432,379,,
2020-05-08T17:00:00,ITA,16,Puglia,074,Brindisi,BR,40.63848545,17.94601575,600,,
2020-05-08T17:00:00,ITA,16,Puglia,071,Foggia,FG,41.46226865,15.54305094,1103,,
2020-05-08T17:00:00,ITA,16,Puglia,075,Lecce,LE,40.35354285,18.1718973,503,,
2020-05-08T17:00:00,ITA,16,Puglia,073,Taranto,TA,40.47354739,17.23237181,270,,
2020-05-08T17:00:00,ITA,16,Puglia,992,In fase di definizione/aggiornamento,,0,0,30,,
2020-05-08T17:00:00,ITA,20,Sardegna,092,Cagliari,CA,39.21531192,9.110616306,243,,
2020-05-08T17:00:00,ITA,20,Sardegna,091,Nuoro,NU,40.32318834,9.330296393,78,,
2020-05-08T17:00:00,ITA,20,Sardegna,095,Oristano,OR,39.90381075,8.591183151,55,,
2020-05-08T17:00:00,ITA,20,Sardegna,090,Sassari,SS,40.72667657,8.559667131,860,,
2020-05-08T17:00:00,ITA,20,Sardegna,111,Sud Sardegna,SU,39.16641462,8.526242676,94,,
2020-05-08T17:00:00,ITA,20,Sardegna,993,In fase di definizione/aggiornamento,,0,0,0,,
2020-05-08T17:00:00,ITA,19,Sicilia,084,Agrigento,AG,37.30971088,13.5845749,135,,
2020-05-08T17:00:00,ITA,19,Sicilia,085,Caltanissetta,CL,37.49213171,14.06184973,162,,
2020-05-08T17:00:00,ITA,19,Sicilia,087,Catania,CT,37.50287803,15.08704691,1032,,
2020-05-08T17:00:00,ITA,19,Sicilia,086,Enna,EN,37.56705701,14.27909375,421,,
2020-05-08T17:00:00,ITA,19,Sicilia,083,Messina,ME,38.19395845,15.55572302,552,,
2020-05-08T17:00:00,ITA,19,Sicilia,082,Palermo,PA,38.11569725,13.3623567,531,,
2020-05-08T17:00:00,ITA,19,Sicilia,088,Ragusa,RG,36.92509198,14.73069891,94,,
2020-05-08T17:00:00,ITA,19,Sicilia,089,Siracusa,SR,37.05991687,15.29333182,235,,
2020-05-08T17:00:00,ITA,19,Sicilia,081,Trapani,TP,38.01850065,12.51365684,139,,
2020-05-08T17:00:00,ITA,19,Sicilia,994,In fase di definizione/aggiornamento,,0,0,0,,
2020-05-08T17:00:00,ITA,09,Toscana,051,Arezzo,AR,43.46642752,11.88228844,660,,
2020-05-08T17:00:00,ITA,09,Toscana,048,Firenze,FI,43.76923077,11.25588885,3296,,
2020-05-08T17:00:00,ITA,09,Toscana,053,Grosseto,GR,42.76026758,11.11356398,417,,
2020-05-08T17:00:00,ITA,09,Toscana,049,Livorno,LI,43.55234873,10.3086781,531,,
2020-05-08T17:00:00,ITA,09,Toscana,046,Lucca,LU,43.84432283,10.50151366,1319,,
2020-05-08T17:00:00,ITA,09,Toscana,045,Massa Carrara,MS,44.03674425,10.14173829,1022,,
2020-05-08T17:00:00,ITA,09,Toscana,050,Pisa,PI,43.71553206,10.40127259,865,,
2020-05-08T17:00:00,ITA,09,Toscana,047,Pistoia,PT,43.933465,10.91734146,648,,
2020-05-08T17:00:00,ITA,09,Toscana,100,Prato,PO,43.88062274,11.09703315,536,,
2020-05-08T17:00:00,ITA,09,Toscana,052,Siena,SI,43.31816374,11.33190988,427,,
2020-05-08T17:00:00,ITA,09,Toscana,995,In fase di definizione/aggiornamento,,0,0,0,,
2020-05-08T17:00:00,ITA,04,P.A. Trento,022,Trento,TN,46.06893511,11.12123097,4285,,
2020-05-08T17:00:00,ITA,04,P.A. Trento,996,In fase di definizione/aggiornamento,,0,0,0,,
2020-05-08T17:00:00,ITA,10,Umbria,054,Perugia,PG,43.10675841,12.38824698,993,,
2020-05-08T17:00:00,ITA,10,Umbria,055,Terni,TR,42.56071258,12.6466875,361,,
2020-05-08T17:00:00,ITA,10,Umbria,997,In fase di definizione/aggiornamento,,0,0,52,,
2020-05-08T17:00:00,ITA,02,Valle d'Aosta,007,Aosta,AO,45.73750286,7.320149366,1151,,
2020-05-08T17:00:00,ITA,02,Valle d'Aosta,998,In fase di definizione/aggiornamento,,0,0,0,,
2020-05-08T17:00:00,ITA,05,Veneto,025,Belluno,BL,46.13837528,12.21704167,1145,,
2020-05-08T17:00:00,ITA,05,Veneto,028,Padova,PD,45.40692987,11.87608718,3889,,
2020-05-08T17:00:00,ITA,05,Veneto,029,Rovigo,RO,45.07107289,11.79007,429,,
2020-05-08T17:00:00,ITA,05,Veneto,026,Treviso,TV,45.66754571,12.24507363,2588,,
2020-05-08T17:00:00,ITA,05,Veneto,027,Venezia,VE,45.43490485,12.33845213,2575,,
2020-05-08T17:00:00,ITA,05,Veneto,023,Verona,VR,45.43839046,10.99352685,4917,,
2020-05-08T17:00:00,ITA,05,Veneto,024,Vicenza,VI,45.547497,11.54597109,2748,,
2020-05-08T17:00:00,ITA,05,Veneto,999,In fase di definizione/aggiornamento,,0,0,327,,
>>>>>>> upstream/master
=======
2020-05-09T17:00:00,ITA,13,Abruzzo,069,Chieti,CH,42.35103167,14.16754574,769,,
2020-05-09T17:00:00,ITA,13,Abruzzo,066,L'Aquila,AQ,42.35122196,13.39843823,243,,
2020-05-09T17:00:00,ITA,13,Abruzzo,068,Pescara,PE,42.46458398,14.21364822,1430,,
2020-05-09T17:00:00,ITA,13,Abruzzo,067,Teramo,TE,42.6589177,13.70439971,644,,
2020-05-09T17:00:00,ITA,13,Abruzzo,979,In fase di definizione/aggiornamento,,0,0,0,,
2020-05-09T17:00:00,ITA,17,Basilicata,077,Matera,MT,40.66751177,16.59792442,202,,
2020-05-09T17:00:00,ITA,17,Basilicata,076,Potenza,PZ,40.63947052,15.80514834,180,,
2020-05-09T17:00:00,ITA,17,Basilicata,980,In fase di definizione/aggiornamento,,0,0,0,,
2020-05-09T17:00:00,ITA,04,P.A. Bolzano,021,Bolzano,BZ,46.49933453,11.35662422,2567,,
2020-05-09T17:00:00,ITA,04,P.A. Bolzano,981,In fase di definizione/aggiornamento,,0,0,0,,
2020-05-09T17:00:00,ITA,18,Calabria,079,Catanzaro,CZ,38.90597598,16.59440194,210,,
2020-05-09T17:00:00,ITA,18,Calabria,078,Cosenza,CS,39.29308681,16.25609692,460,,
2020-05-09T17:00:00,ITA,18,Calabria,101,Crotone,KR,39.08036878,17.12538864,118,,
2020-05-09T17:00:00,ITA,18,Calabria,080,Reggio di Calabria,RC,38.10922769,15.6434527,264,,
2020-05-09T17:00:00,ITA,18,Calabria,102,Vibo Valentia,VV,38.67624147,16.10157414,75,,
2020-05-09T17:00:00,ITA,18,Calabria,982,In fase di definizione/aggiornamento,,0,0,2,,
2020-05-09T17:00:00,ITA,15,Campania,064,Avellino,AV,40.91404699,14.79528803,494,,
2020-05-09T17:00:00,ITA,15,Campania,062,Benevento,BN,41.12969987,14.78151683,189,,
2020-05-09T17:00:00,ITA,15,Campania,061,Caserta,CE,41.07465878,14.33240464,430,,
2020-05-09T17:00:00,ITA,15,Campania,063,Napoli,NA,40.83956555,14.25084984,2521,,
2020-05-09T17:00:00,ITA,15,Campania,065,Salerno,SA,40.67821961,14.7594026,665,,
2020-05-09T17:00:00,ITA,15,Campania,983,In fase di definizione/aggiornamento,,0,0,277,,
2020-05-09T17:00:00,ITA,08,Emilia-Romagna,037,Bologna,BO,44.49436681,11.3417208,4751,,
2020-05-09T17:00:00,ITA,08,Emilia-Romagna,038,Ferrara,FE,44.83599085,11.61868934,972,,
2020-05-09T17:00:00,ITA,08,Emilia-Romagna,040,Forlì-Cesena,FC,44.22268559,12.04068608,1675,,
2020-05-09T17:00:00,ITA,08,Emilia-Romagna,036,Modena,MO,44.64600009,10.92615487,3792,,
2020-05-09T17:00:00,ITA,08,Emilia-Romagna,034,Parma,PR,44.80107394,10.32834985,3285,,
2020-05-09T17:00:00,ITA,08,Emilia-Romagna,033,Piacenza,PC,45.05193462,9.692632596,4346,,
2020-05-09T17:00:00,ITA,08,Emilia-Romagna,039,Ravenna,RA,44.41722493,12.19913936,995,,
2020-05-09T17:00:00,ITA,08,Emilia-Romagna,035,Reggio nell'Emilia,RE,44.69735289,10.63007973,4835,,
2020-05-09T17:00:00,ITA,08,Emilia-Romagna,099,Rimini,RN,44.06090087,12.5656295,2068,,
2020-05-09T17:00:00,ITA,08,Emilia-Romagna,984,In fase di definizione/aggiornamento,,0,0,0,,
2020-05-09T17:00:00,ITA,06,Friuli Venezia Giulia,031,Gorizia,GO,45.94149817,13.62212502,195,,
2020-05-09T17:00:00,ITA,06,Friuli Venezia Giulia,093,Pordenone,PN,45.95443546,12.66002909,650,,
2020-05-09T17:00:00,ITA,06,Friuli Venezia Giulia,032,Trieste,TS,45.6494354,13.76813649,1311,,
2020-05-09T17:00:00,ITA,06,Friuli Venezia Giulia,030,Udine,UD,46.06255516,13.2348383,968,,
2020-05-09T17:00:00,ITA,06,Friuli Venezia Giulia,985,In fase di definizione/aggiornamento,,0,0,0,,
2020-05-09T17:00:00,ITA,12,Lazio,060,Frosinone,FR,41.63964569,13.35117161,576,,
2020-05-09T17:00:00,ITA,12,Lazio,059,Latina,LT,41.46759465,12.90368482,510,,
2020-05-09T17:00:00,ITA,12,Lazio,057,Rieti,RI,42.40488444,12.86205939,331,,
2020-05-09T17:00:00,ITA,12,Lazio,058,Roma,RM,41.89277044,12.48366722,5202,,
2020-05-09T17:00:00,ITA,12,Lazio,056,Viterbo,VT,42.4173828,12.10473416,406,,
2020-05-09T17:00:00,ITA,12,Lazio,986,In fase di definizione/aggiornamento,,0,0,108,,
2020-05-09T17:00:00,ITA,07,Liguria,010,Genova,GE,44.41149314,8.9326992,5046,,
2020-05-09T17:00:00,ITA,07,Liguria,008,Imperia,IM,43.88570648,8.027850298,1403,,
2020-05-09T17:00:00,ITA,07,Liguria,011,La Spezia,SP,44.10704991,9.8281897,886,,
2020-05-09T17:00:00,ITA,07,Liguria,009,Savona,SV,44.30750461,8.481108654,1393,,
2020-05-09T17:00:00,ITA,07,Liguria,987,In fase di definizione/aggiornamento,,0,0,10,,
2020-05-09T17:00:00,ITA,03,Lombardia,016,Bergamo,BG,45.69441368,9.668424528,11717,,
2020-05-09T17:00:00,ITA,03,Lombardia,017,Brescia,BS,45.53993052,10.21910323,13506,,
2020-05-09T17:00:00,ITA,03,Lombardia,013,Como,CO,45.8099912,9.085159546,3480,,
2020-05-09T17:00:00,ITA,03,Lombardia,019,Cremona,CR,45.13336675,10.02420865,6242,,
2020-05-09T17:00:00,ITA,03,Lombardia,097,Lecco,LC,45.85575781,9.393392246,2482,,
2020-05-09T17:00:00,ITA,03,Lombardia,098,Lodi,LO,45.31440693,9.503720769,3264,,
2020-05-09T17:00:00,ITA,03,Lombardia,020,Mantova,MN,45.15726772,10.79277363,3250,,
2020-05-09T17:00:00,ITA,03,Lombardia,015,Milano,MI,45.46679409,9.190347404,21272,,
2020-05-09T17:00:00,ITA,03,Lombardia,108,Monza e della Brianza,MB,45.58439043,9.273582472,5046,,
2020-05-09T17:00:00,ITA,03,Lombardia,018,Pavia,PV,45.18509264,9.160157191,4742,,
2020-05-09T17:00:00,ITA,03,Lombardia,014,Sondrio,SO,46.17099261,9.87147489,1280,,
2020-05-09T17:00:00,ITA,03,Lombardia,012,Varese,VA,45.81701677,8.822868344,3164,,
2020-05-09T17:00:00,ITA,03,Lombardia,988,In fase di definizione/aggiornamento,,0,0,1780,,
2020-05-09T17:00:00,ITA,11,Marche,042,Ancona,AN,43.61675973,13.5188753,1830,,
2020-05-09T17:00:00,ITA,11,Marche,044,Ascoli Piceno,AP,42.85322304,13.57691127,287,,
2020-05-09T17:00:00,ITA,11,Marche,109,Fermo,FM,43.16058534,13.71839535,455,,
2020-05-09T17:00:00,ITA,11,Marche,043,Macerata,MC,43.30023926,13.45307182,1056,,
2020-05-09T17:00:00,ITA,11,Marche,041,Pesaro e Urbino,PU,43.91014021,12.91345989,2650,,
2020-05-09T17:00:00,ITA,11,Marche,989,In fase di definizione/aggiornamento,,0,0,215,,
2020-05-09T17:00:00,ITA,14,Molise,070,Campobasso,CB,41.55774754,14.65916051,271,,
2020-05-09T17:00:00,ITA,14,Molise,094,Isernia,IS,41.58800826,14.22575407,57,,
2020-05-09T17:00:00,ITA,14,Molise,990,In fase di definizione/aggiornamento,,0,0,19,,
2020-05-09T17:00:00,ITA,01,Piemonte,006,Alessandria,AL,44.91297351,8.615401155,3723,,
2020-05-09T17:00:00,ITA,01,Piemonte,005,Asti,AT,44.89912921,8.204142547,1671,,
2020-05-09T17:00:00,ITA,01,Piemonte,096,Biella,BI,45.5665112,8.054082167,1007,,
2020-05-09T17:00:00,ITA,01,Piemonte,004,Cuneo,CN,44.39329625,7.551171632,2634,,
2020-05-09T17:00:00,ITA,01,Piemonte,003,Novara,NO,45.44588506,8.621915884,2468,,
2020-05-09T17:00:00,ITA,01,Piemonte,001,Torino,TO,45.0732745,7.680687483,14428,,
2020-05-09T17:00:00,ITA,01,Piemonte,103,Verbano-Cusio-Ossola,VB,45.9214455,8.551078753,1075,,
2020-05-09T17:00:00,ITA,01,Piemonte,002,Vercelli,VC,45.32398135,8.423234312,1179,,
2020-05-09T17:00:00,ITA,01,Piemonte,991,In fase di definizione/aggiornamento,,0,0,364,,
2020-05-09T17:00:00,ITA,16,Puglia,072,Bari,BA,41.12559576,16.86736689,1391,,
2020-05-09T17:00:00,ITA,16,Puglia,110,Barletta-Andria-Trani,BT,41.22705039,16.29520432,381,,
2020-05-09T17:00:00,ITA,16,Puglia,074,Brindisi,BR,40.63848545,17.94601575,604,,
2020-05-09T17:00:00,ITA,16,Puglia,071,Foggia,FG,41.46226865,15.54305094,1108,,
2020-05-09T17:00:00,ITA,16,Puglia,075,Lecce,LE,40.35354285,18.1718973,503,,
2020-05-09T17:00:00,ITA,16,Puglia,073,Taranto,TA,40.47354739,17.23237181,270,,
2020-05-09T17:00:00,ITA,16,Puglia,992,In fase di definizione/aggiornamento,,0,0,29,,
2020-05-09T17:00:00,ITA,20,Sardegna,092,Cagliari,CA,39.21531192,9.110616306,243,,
2020-05-09T17:00:00,ITA,20,Sardegna,091,Nuoro,NU,40.32318834,9.330296393,78,,
2020-05-09T17:00:00,ITA,20,Sardegna,095,Oristano,OR,39.90381075,8.591183151,56,,
2020-05-09T17:00:00,ITA,20,Sardegna,090,Sassari,SS,40.72667657,8.559667131,863,,
2020-05-09T17:00:00,ITA,20,Sardegna,111,Sud Sardegna,SU,39.16641462,8.526242676,94,,
2020-05-09T17:00:00,ITA,20,Sardegna,993,In fase di definizione/aggiornamento,,0,0,0,,
2020-05-09T17:00:00,ITA,19,Sicilia,084,Agrigento,AG,37.30971088,13.5845749,137,,
2020-05-09T17:00:00,ITA,19,Sicilia,085,Caltanissetta,CL,37.49213171,14.06184973,162,,
2020-05-09T17:00:00,ITA,19,Sicilia,087,Catania,CT,37.50287803,15.08704691,1035,,
2020-05-09T17:00:00,ITA,19,Sicilia,086,Enna,EN,37.56705701,14.27909375,421,,
2020-05-09T17:00:00,ITA,19,Sicilia,083,Messina,ME,38.19395845,15.55572302,553,,
2020-05-09T17:00:00,ITA,19,Sicilia,082,Palermo,PA,38.11569725,13.3623567,533,,
2020-05-09T17:00:00,ITA,19,Sicilia,088,Ragusa,RG,36.92509198,14.73069891,94,,
2020-05-09T17:00:00,ITA,19,Sicilia,089,Siracusa,SR,37.05991687,15.29333182,239,,
2020-05-09T17:00:00,ITA,19,Sicilia,081,Trapani,TP,38.01850065,12.51365684,139,,
2020-05-09T17:00:00,ITA,19,Sicilia,994,In fase di definizione/aggiornamento,,0,0,0,,
2020-05-09T17:00:00,ITA,09,Toscana,051,Arezzo,AR,43.46642752,11.88228844,660,,
2020-05-09T17:00:00,ITA,09,Toscana,048,Firenze,FI,43.76923077,11.25588885,3305,,
2020-05-09T17:00:00,ITA,09,Toscana,053,Grosseto,GR,42.76026758,11.11356398,417,,
2020-05-09T17:00:00,ITA,09,Toscana,049,Livorno,LI,43.55234873,10.3086781,535,,
2020-05-09T17:00:00,ITA,09,Toscana,046,Lucca,LU,43.84432283,10.50151366,1324,,
2020-05-09T17:00:00,ITA,09,Toscana,045,Massa Carrara,MS,44.03674425,10.14173829,1022,,
2020-05-09T17:00:00,ITA,09,Toscana,050,Pisa,PI,43.71553206,10.40127259,867,,
2020-05-09T17:00:00,ITA,09,Toscana,047,Pistoia,PT,43.933465,10.91734146,652,,
2020-05-09T17:00:00,ITA,09,Toscana,100,Prato,PO,43.88062274,11.09703315,536,,
2020-05-09T17:00:00,ITA,09,Toscana,052,Siena,SI,43.31816374,11.33190988,427,,
2020-05-09T17:00:00,ITA,09,Toscana,995,In fase di definizione/aggiornamento,,0,0,0,,
2020-05-09T17:00:00,ITA,04,P.A. Trento,022,Trento,TN,46.06893511,11.12123097,4292,,
2020-05-09T17:00:00,ITA,04,P.A. Trento,996,In fase di definizione/aggiornamento,,0,0,0,,
2020-05-09T17:00:00,ITA,10,Umbria,054,Perugia,PG,43.10675841,12.38824698,992,,
2020-05-09T17:00:00,ITA,10,Umbria,055,Terni,TR,42.56071258,12.6466875,362,,
2020-05-09T17:00:00,ITA,10,Umbria,997,In fase di definizione/aggiornamento,,0,0,53,,
2020-05-09T17:00:00,ITA,02,Valle d'Aosta,007,Aosta,AO,45.73750286,7.320149366,1152,,
2020-05-09T17:00:00,ITA,02,Valle d'Aosta,998,In fase di definizione/aggiornamento,,0,0,0,,
2020-05-09T17:00:00,ITA,05,Veneto,025,Belluno,BL,46.13837528,12.21704167,1146,,
2020-05-09T17:00:00,ITA,05,Veneto,028,Padova,PD,45.40692987,11.87608718,3891,,
2020-05-09T17:00:00,ITA,05,Veneto,029,Rovigo,RO,45.07107289,11.79007,430,,
2020-05-09T17:00:00,ITA,05,Veneto,026,Treviso,TV,45.66754571,12.24507363,2607,,
2020-05-09T17:00:00,ITA,05,Veneto,027,Venezia,VE,45.43490485,12.33845213,2580,,
2020-05-09T17:00:00,ITA,05,Veneto,023,Verona,VR,45.43839046,10.99352685,4934,,
2020-05-09T17:00:00,ITA,05,Veneto,024,Vicenza,VI,45.547497,11.54597109,2756,,
2020-05-09T17:00:00,ITA,05,Veneto,999,In fase di definizione/aggiornamento,,0,0,327,,
>>>>>>> upstream/master
=======
2020-05-10T17:00:00,ITA,13,Abruzzo,069,Chieti,CH,42.35103167,14.16754574,772,,
2020-05-10T17:00:00,ITA,13,Abruzzo,066,L'Aquila,AQ,42.35122196,13.39843823,243,,
2020-05-10T17:00:00,ITA,13,Abruzzo,068,Pescara,PE,42.46458398,14.21364822,1444,,
2020-05-10T17:00:00,ITA,13,Abruzzo,067,Teramo,TE,42.6589177,13.70439971,644,,
2020-05-10T17:00:00,ITA,13,Abruzzo,979,In fase di definizione/aggiornamento,,0,0,0,,
2020-05-10T17:00:00,ITA,17,Basilicata,077,Matera,MT,40.66751177,16.59792442,204,,
2020-05-10T17:00:00,ITA,17,Basilicata,076,Potenza,PZ,40.63947052,15.80514834,181,,
2020-05-10T17:00:00,ITA,17,Basilicata,980,In fase di definizione/aggiornamento,,0,0,0,,
2020-05-10T17:00:00,ITA,04,P.A. Bolzano,021,Bolzano,BZ,46.49933453,11.35662422,2569,,
2020-05-10T17:00:00,ITA,04,P.A. Bolzano,981,In fase di definizione/aggiornamento,,0,0,0,,
2020-05-10T17:00:00,ITA,18,Calabria,079,Catanzaro,CZ,38.90597598,16.59440194,210,,
2020-05-10T17:00:00,ITA,18,Calabria,078,Cosenza,CS,39.29308681,16.25609692,462,,
2020-05-10T17:00:00,ITA,18,Calabria,101,Crotone,KR,39.08036878,17.12538864,118,,
2020-05-10T17:00:00,ITA,18,Calabria,080,Reggio di Calabria,RC,38.10922769,15.6434527,264,,
2020-05-10T17:00:00,ITA,18,Calabria,102,Vibo Valentia,VV,38.67624147,16.10157414,76,,
2020-05-10T17:00:00,ITA,18,Calabria,982,In fase di definizione/aggiornamento,,0,0,2,,
2020-05-10T17:00:00,ITA,15,Campania,064,Avellino,AV,40.91404699,14.79528803,503,,
2020-05-10T17:00:00,ITA,15,Campania,062,Benevento,BN,41.12969987,14.78151683,189,,
2020-05-10T17:00:00,ITA,15,Campania,061,Caserta,CE,41.07465878,14.33240464,430,,
2020-05-10T17:00:00,ITA,15,Campania,063,Napoli,NA,40.83956555,14.25084984,2525,,
2020-05-10T17:00:00,ITA,15,Campania,065,Salerno,SA,40.67821961,14.7594026,667,,
2020-05-10T17:00:00,ITA,15,Campania,983,In fase di definizione/aggiornamento,,0,0,274,,
2020-05-10T17:00:00,ITA,08,Emilia-Romagna,037,Bologna,BO,44.49436681,11.3417208,4773,,
2020-05-10T17:00:00,ITA,08,Emilia-Romagna,038,Ferrara,FE,44.83599085,11.61868934,975,,
2020-05-10T17:00:00,ITA,08,Emilia-Romagna,040,Forlì-Cesena,FC,44.22268559,12.04068608,1677,,
2020-05-10T17:00:00,ITA,08,Emilia-Romagna,036,Modena,MO,44.64600009,10.92615487,3800,,
2020-05-10T17:00:00,ITA,08,Emilia-Romagna,034,Parma,PR,44.80107394,10.32834985,3298,,
2020-05-10T17:00:00,ITA,08,Emilia-Romagna,033,Piacenza,PC,45.05193462,9.692632596,4361,,
2020-05-10T17:00:00,ITA,08,Emilia-Romagna,039,Ravenna,RA,44.41722493,12.19913936,997,,
2020-05-10T17:00:00,ITA,08,Emilia-Romagna,035,Reggio nell'Emilia,RE,44.69735289,10.63007973,4846,,
2020-05-10T17:00:00,ITA,08,Emilia-Romagna,099,Rimini,RN,44.06090087,12.5656295,2069,,
2020-05-10T17:00:00,ITA,08,Emilia-Romagna,984,In fase di definizione/aggiornamento,,0,0,0,,
2020-05-10T17:00:00,ITA,06,Friuli Venezia Giulia,031,Gorizia,GO,45.94149817,13.62212502,195,,
2020-05-10T17:00:00,ITA,06,Friuli Venezia Giulia,093,Pordenone,PN,45.95443546,12.66002909,651,,
2020-05-10T17:00:00,ITA,06,Friuli Venezia Giulia,032,Trieste,TS,45.6494354,13.76813649,1316,,
2020-05-10T17:00:00,ITA,06,Friuli Venezia Giulia,030,Udine,UD,46.06255516,13.2348383,968,,
2020-05-10T17:00:00,ITA,06,Friuli Venezia Giulia,985,In fase di definizione/aggiornamento,,0,0,0,,
2020-05-10T17:00:00,ITA,12,Lazio,060,Frosinone,FR,41.63964569,13.35117161,578,,
2020-05-10T17:00:00,ITA,12,Lazio,059,Latina,LT,41.46759465,12.90368482,511,,
2020-05-10T17:00:00,ITA,12,Lazio,057,Rieti,RI,42.40488444,12.86205939,331,,
2020-05-10T17:00:00,ITA,12,Lazio,058,Roma,RM,41.89277044,12.48366722,5229,,
2020-05-10T17:00:00,ITA,12,Lazio,056,Viterbo,VT,42.4173828,12.10473416,408,,
2020-05-10T17:00:00,ITA,12,Lazio,986,In fase di definizione/aggiornamento,,0,0,108,,
2020-05-10T17:00:00,ITA,07,Liguria,010,Genova,GE,44.41149314,8.9326992,5065,,
2020-05-10T17:00:00,ITA,07,Liguria,008,Imperia,IM,43.88570648,8.027850298,1417,,
2020-05-10T17:00:00,ITA,07,Liguria,011,La Spezia,SP,44.10704991,9.8281897,889,,
2020-05-10T17:00:00,ITA,07,Liguria,009,Savona,SV,44.30750461,8.481108654,1410,,
2020-05-10T17:00:00,ITA,07,Liguria,987,In fase di definizione/aggiornamento,,0,0,7,,
2020-05-10T17:00:00,ITA,03,Lombardia,016,Bergamo,BG,45.69441368,9.668424528,11741,,
2020-05-10T17:00:00,ITA,03,Lombardia,017,Brescia,BS,45.53993052,10.21910323,13550,,
2020-05-10T17:00:00,ITA,03,Lombardia,013,Como,CO,45.8099912,9.085159546,3496,,
2020-05-10T17:00:00,ITA,03,Lombardia,019,Cremona,CR,45.13336675,10.02420865,6248,,
2020-05-10T17:00:00,ITA,03,Lombardia,097,Lecco,LC,45.85575781,9.393392246,2486,,
2020-05-10T17:00:00,ITA,03,Lombardia,098,Lodi,LO,45.31440693,9.503720769,3271,,
2020-05-10T17:00:00,ITA,03,Lombardia,020,Mantova,MN,45.15726772,10.79277363,3251,,
2020-05-10T17:00:00,ITA,03,Lombardia,015,Milano,MI,45.46679409,9.190347404,21376,,
2020-05-10T17:00:00,ITA,03,Lombardia,108,Monza e della Brianza,MB,45.58439043,9.273582472,5055,,
2020-05-10T17:00:00,ITA,03,Lombardia,018,Pavia,PV,45.18509264,9.160157191,4777,,
2020-05-10T17:00:00,ITA,03,Lombardia,014,Sondrio,SO,46.17099261,9.87147489,1287,,
2020-05-10T17:00:00,ITA,03,Lombardia,012,Varese,VA,45.81701677,8.822868344,3182,,
2020-05-10T17:00:00,ITA,03,Lombardia,988,In fase di definizione/aggiornamento,,0,0,1787,,
2020-05-10T17:00:00,ITA,11,Marche,042,Ancona,AN,43.61675973,13.5188753,1837,,
2020-05-10T17:00:00,ITA,11,Marche,044,Ascoli Piceno,AP,42.85322304,13.57691127,287,,
2020-05-10T17:00:00,ITA,11,Marche,109,Fermo,FM,43.16058534,13.71839535,455,,
2020-05-10T17:00:00,ITA,11,Marche,043,Macerata,MC,43.30023926,13.45307182,1067,,
2020-05-10T17:00:00,ITA,11,Marche,041,Pesaro e Urbino,PU,43.91014021,12.91345989,2667,,
2020-05-10T17:00:00,ITA,11,Marche,989,In fase di definizione/aggiornamento,,0,0,220,,
2020-05-10T17:00:00,ITA,14,Molise,070,Campobasso,CB,41.55774754,14.65916051,294,,
2020-05-10T17:00:00,ITA,14,Molise,094,Isernia,IS,41.58800826,14.22575407,57,,
2020-05-10T17:00:00,ITA,14,Molise,990,In fase di definizione/aggiornamento,,0,0,19,,
2020-05-10T17:00:00,ITA,01,Piemonte,006,Alessandria,AL,44.91297351,8.615401155,3730,,
2020-05-10T17:00:00,ITA,01,Piemonte,005,Asti,AT,44.89912921,8.204142547,1679,,
2020-05-10T17:00:00,ITA,01,Piemonte,096,Biella,BI,45.5665112,8.054082167,1015,,
2020-05-10T17:00:00,ITA,01,Piemonte,004,Cuneo,CN,44.39329625,7.551171632,2641,,
2020-05-10T17:00:00,ITA,01,Piemonte,003,Novara,NO,45.44588506,8.621915884,2475,,
2020-05-10T17:00:00,ITA,01,Piemonte,001,Torino,TO,45.0732745,7.680687483,14494,,
2020-05-10T17:00:00,ITA,01,Piemonte,103,Verbano-Cusio-Ossola,VB,45.9214455,8.551078753,1081,,
2020-05-10T17:00:00,ITA,01,Piemonte,002,Vercelli,VC,45.32398135,8.423234312,1185,,
2020-05-10T17:00:00,ITA,01,Piemonte,991,In fase di definizione/aggiornamento,,0,0,365,,
2020-05-10T17:00:00,ITA,16,Puglia,072,Bari,BA,41.12559576,16.86736689,1413,,
2020-05-10T17:00:00,ITA,16,Puglia,110,Barletta-Andria-Trani,BT,41.22705039,16.29520432,381,,
2020-05-10T17:00:00,ITA,16,Puglia,074,Brindisi,BR,40.63848545,17.94601575,605,,
2020-05-10T17:00:00,ITA,16,Puglia,071,Foggia,FG,41.46226865,15.54305094,1111,,
2020-05-10T17:00:00,ITA,16,Puglia,075,Lecce,LE,40.35354285,18.1718973,504,,
2020-05-10T17:00:00,ITA,16,Puglia,073,Taranto,TA,40.47354739,17.23237181,270,,
2020-05-10T17:00:00,ITA,16,Puglia,992,In fase di definizione/aggiornamento,,0,0,29,,
2020-05-10T17:00:00,ITA,20,Sardegna,092,Cagliari,CA,39.21531192,9.110616306,244,,
2020-05-10T17:00:00,ITA,20,Sardegna,091,Nuoro,NU,40.32318834,9.330296393,78,,
2020-05-10T17:00:00,ITA,20,Sardegna,095,Oristano,OR,39.90381075,8.591183151,57,,
2020-05-10T17:00:00,ITA,20,Sardegna,090,Sassari,SS,40.72667657,8.559667131,866,,
2020-05-10T17:00:00,ITA,20,Sardegna,111,Sud Sardegna,SU,39.16641462,8.526242676,95,,
2020-05-10T17:00:00,ITA,20,Sardegna,993,In fase di definizione/aggiornamento,,0,0,0,,
2020-05-10T17:00:00,ITA,19,Sicilia,084,Agrigento,AG,37.30971088,13.5845749,137,,
2020-05-10T17:00:00,ITA,19,Sicilia,085,Caltanissetta,CL,37.49213171,14.06184973,162,,
2020-05-10T17:00:00,ITA,19,Sicilia,087,Catania,CT,37.50287803,15.08704691,1037,,
2020-05-10T17:00:00,ITA,19,Sicilia,086,Enna,EN,37.56705701,14.27909375,421,,
2020-05-10T17:00:00,ITA,19,Sicilia,083,Messina,ME,38.19395845,15.55572302,557,,
2020-05-10T17:00:00,ITA,19,Sicilia,082,Palermo,PA,38.11569725,13.3623567,541,,
2020-05-10T17:00:00,ITA,19,Sicilia,088,Ragusa,RG,36.92509198,14.73069891,94,,
2020-05-10T17:00:00,ITA,19,Sicilia,089,Siracusa,SR,37.05991687,15.29333182,239,,
2020-05-10T17:00:00,ITA,19,Sicilia,081,Trapani,TP,38.01850065,12.51365684,139,,
2020-05-10T17:00:00,ITA,19,Sicilia,994,In fase di definizione/aggiornamento,,0,0,0,,
2020-05-10T17:00:00,ITA,09,Toscana,051,Arezzo,AR,43.46642752,11.88228844,662,,
2020-05-10T17:00:00,ITA,09,Toscana,048,Firenze,FI,43.76923077,11.25588885,3316,,
2020-05-10T17:00:00,ITA,09,Toscana,053,Grosseto,GR,42.76026758,11.11356398,421,,
2020-05-10T17:00:00,ITA,09,Toscana,049,Livorno,LI,43.55234873,10.3086781,535,,
2020-05-10T17:00:00,ITA,09,Toscana,046,Lucca,LU,43.84432283,10.50151366,1328,,
2020-05-10T17:00:00,ITA,09,Toscana,045,Massa Carrara,MS,44.03674425,10.14173829,1028,,
2020-05-10T17:00:00,ITA,09,Toscana,050,Pisa,PI,43.71553206,10.40127259,867,,
2020-05-10T17:00:00,ITA,09,Toscana,047,Pistoia,PT,43.933465,10.91734146,652,,
2020-05-10T17:00:00,ITA,09,Toscana,100,Prato,PO,43.88062274,11.09703315,538,,
2020-05-10T17:00:00,ITA,09,Toscana,052,Siena,SI,43.31816374,11.33190988,427,,
2020-05-10T17:00:00,ITA,09,Toscana,995,In fase di definizione/aggiornamento,,0,0,0,,
2020-05-10T17:00:00,ITA,04,P.A. Trento,022,Trento,TN,46.06893511,11.12123097,4295,,
2020-05-10T17:00:00,ITA,04,P.A. Trento,996,In fase di definizione/aggiornamento,,0,0,0,,
2020-05-10T17:00:00,ITA,10,Umbria,054,Perugia,PG,43.10675841,12.38824698,993,,
2020-05-10T17:00:00,ITA,10,Umbria,055,Terni,TR,42.56071258,12.6466875,364,,
2020-05-10T17:00:00,ITA,10,Umbria,997,In fase di definizione/aggiornamento,,0,0,54,,
2020-05-10T17:00:00,ITA,02,Valle d'Aosta,007,Aosta,AO,45.73750286,7.320149366,1157,,
2020-05-10T17:00:00,ITA,02,Valle d'Aosta,998,In fase di definizione/aggiornamento,,0,0,0,,
2020-05-10T17:00:00,ITA,05,Veneto,025,Belluno,BL,46.13837528,12.21704167,1148,,
2020-05-10T17:00:00,ITA,05,Veneto,028,Padova,PD,45.40692987,11.87608718,3895,,
2020-05-10T17:00:00,ITA,05,Veneto,029,Rovigo,RO,45.07107289,11.79007,432,,
2020-05-10T17:00:00,ITA,05,Veneto,026,Treviso,TV,45.66754571,12.24507363,2607,,
2020-05-10T17:00:00,ITA,05,Veneto,027,Venezia,VE,45.43490485,12.33845213,2596,,
2020-05-10T17:00:00,ITA,05,Veneto,023,Verona,VR,45.43839046,10.99352685,4944,,
2020-05-10T17:00:00,ITA,05,Veneto,024,Vicenza,VI,45.547497,11.54597109,2772,,
2020-05-10T17:00:00,ITA,05,Veneto,999,In fase di definizione/aggiornamento,,0,0,328,,
>>>>>>> upstream/master
=======
2020-05-11T17:00:00,ITA,13,Abruzzo,069,Chieti,CH,42.35103167,14.16754574,772,,
2020-05-11T17:00:00,ITA,13,Abruzzo,066,L'Aquila,AQ,42.35122196,13.39843823,243,,
2020-05-11T17:00:00,ITA,13,Abruzzo,068,Pescara,PE,42.46458398,14.21364822,1448,,
2020-05-11T17:00:00,ITA,13,Abruzzo,067,Teramo,TE,42.6589177,13.70439971,644,,
2020-05-11T17:00:00,ITA,13,Abruzzo,979,In fase di definizione/aggiornamento,,0,0,0,,
2020-05-11T17:00:00,ITA,17,Basilicata,077,Matera,MT,40.66751177,16.59792442,205,,
2020-05-11T17:00:00,ITA,17,Basilicata,076,Potenza,PZ,40.63947052,15.80514834,181,,
2020-05-11T17:00:00,ITA,17,Basilicata,980,In fase di definizione/aggiornamento,,0,0,0,,
2020-05-11T17:00:00,ITA,04,P.A. Bolzano,021,Bolzano,BZ,46.49933453,11.35662422,2572,,
2020-05-11T17:00:00,ITA,04,P.A. Bolzano,981,In fase di definizione/aggiornamento,,0,0,0,,
2020-05-11T17:00:00,ITA,18,Calabria,079,Catanzaro,CZ,38.90597598,16.59440194,211,,
2020-05-11T17:00:00,ITA,18,Calabria,078,Cosenza,CS,39.29308681,16.25609692,463,,
2020-05-11T17:00:00,ITA,18,Calabria,101,Crotone,KR,39.08036878,17.12538864,118,,
2020-05-11T17:00:00,ITA,18,Calabria,080,Reggio di Calabria,RC,38.10922769,15.6434527,264,,
2020-05-11T17:00:00,ITA,18,Calabria,102,Vibo Valentia,VV,38.67624147,16.10157414,76,,
2020-05-11T17:00:00,ITA,18,Calabria,982,In fase di definizione/aggiornamento,,0,0,2,,
2020-05-11T17:00:00,ITA,15,Campania,064,Avellino,AV,40.91404699,14.79528803,503,,
2020-05-11T17:00:00,ITA,15,Campania,062,Benevento,BN,41.12969987,14.78151683,190,,
2020-05-11T17:00:00,ITA,15,Campania,061,Caserta,CE,41.07465878,14.33240464,431,,
2020-05-11T17:00:00,ITA,15,Campania,063,Napoli,NA,40.83956555,14.25084984,2536,,
2020-05-11T17:00:00,ITA,15,Campania,065,Salerno,SA,40.67821961,14.7594026,667,,
2020-05-11T17:00:00,ITA,15,Campania,983,In fase di definizione/aggiornamento,,0,0,275,,
2020-05-11T17:00:00,ITA,08,Emilia-Romagna,037,Bologna,BO,44.49436681,11.3417208,4784,,
2020-05-11T17:00:00,ITA,08,Emilia-Romagna,038,Ferrara,FE,44.83599085,11.61868934,977,,
2020-05-11T17:00:00,ITA,08,Emilia-Romagna,040,Forlì-Cesena,FC,44.22268559,12.04068608,1680,,
2020-05-11T17:00:00,ITA,08,Emilia-Romagna,036,Modena,MO,44.64600009,10.92615487,3823,,
2020-05-11T17:00:00,ITA,08,Emilia-Romagna,034,Parma,PR,44.80107394,10.32834985,3315,,
2020-05-11T17:00:00,ITA,08,Emilia-Romagna,033,Piacenza,PC,45.05193462,9.692632596,4375,,
2020-05-11T17:00:00,ITA,08,Emilia-Romagna,039,Ravenna,RA,44.41722493,12.19913936,999,,
2020-05-11T17:00:00,ITA,08,Emilia-Romagna,035,Reggio nell'Emilia,RE,44.69735289,10.63007973,4849,,
2020-05-11T17:00:00,ITA,08,Emilia-Romagna,099,Rimini,RN,44.06090087,12.5656295,2074,,
2020-05-11T17:00:00,ITA,08,Emilia-Romagna,984,In fase di definizione/aggiornamento,,0,0,0,,
2020-05-11T17:00:00,ITA,06,Friuli Venezia Giulia,031,Gorizia,GO,45.94149817,13.62212502,195,,
2020-05-11T17:00:00,ITA,06,Friuli Venezia Giulia,093,Pordenone,PN,45.95443546,12.66002909,651,,
2020-05-11T17:00:00,ITA,06,Friuli Venezia Giulia,032,Trieste,TS,45.6494354,13.76813649,1322,,
2020-05-11T17:00:00,ITA,06,Friuli Venezia Giulia,030,Udine,UD,46.06255516,13.2348383,970,,
2020-05-11T17:00:00,ITA,06,Friuli Venezia Giulia,985,In fase di definizione/aggiornamento,,0,0,0,,
2020-05-11T17:00:00,ITA,12,Lazio,060,Frosinone,FR,41.63964569,13.35117161,579,,
2020-05-11T17:00:00,ITA,12,Lazio,059,Latina,LT,41.46759465,12.90368482,511,,
2020-05-11T17:00:00,ITA,12,Lazio,057,Rieti,RI,42.40488444,12.86205939,333,,
2020-05-11T17:00:00,ITA,12,Lazio,058,Roma,RM,41.89277044,12.48366722,5250,,
2020-05-11T17:00:00,ITA,12,Lazio,056,Viterbo,VT,42.4173828,12.10473416,409,,
2020-05-11T17:00:00,ITA,12,Lazio,986,In fase di definizione/aggiornamento,,0,0,108,,
2020-05-11T17:00:00,ITA,07,Liguria,010,Genova,GE,44.41149314,8.9326992,5095,,
2020-05-11T17:00:00,ITA,07,Liguria,008,Imperia,IM,43.88570648,8.027850298,1429,,
2020-05-11T17:00:00,ITA,07,Liguria,011,La Spezia,SP,44.10704991,9.8281897,891,,
2020-05-11T17:00:00,ITA,07,Liguria,009,Savona,SV,44.30750461,8.481108654,1413,,
2020-05-11T17:00:00,ITA,07,Liguria,987,In fase di definizione/aggiornamento,,0,0,4,,
2020-05-11T17:00:00,ITA,03,Lombardia,016,Bergamo,BG,45.69441368,9.668424528,11791,,
2020-05-11T17:00:00,ITA,03,Lombardia,017,Brescia,BS,45.53993052,10.21910323,13620,,
2020-05-11T17:00:00,ITA,03,Lombardia,013,Como,CO,45.8099912,9.085159546,3504,,
2020-05-11T17:00:00,ITA,03,Lombardia,019,Cremona,CR,45.13336675,10.02420865,6250,,
2020-05-11T17:00:00,ITA,03,Lombardia,097,Lecco,LC,45.85575781,9.393392246,2536,,
2020-05-11T17:00:00,ITA,03,Lombardia,098,Lodi,LO,45.31440693,9.503720769,3277,,
2020-05-11T17:00:00,ITA,03,Lombardia,020,Mantova,MN,45.15726772,10.79277363,3251,,
2020-05-11T17:00:00,ITA,03,Lombardia,015,Milano,MI,45.46679409,9.190347404,21490,,
2020-05-11T17:00:00,ITA,03,Lombardia,108,Monza e della Brianza,MB,45.58439043,9.273582472,5074,,
2020-05-11T17:00:00,ITA,03,Lombardia,018,Pavia,PV,45.18509264,9.160157191,4801,,
2020-05-11T17:00:00,ITA,03,Lombardia,014,Sondrio,SO,46.17099261,9.87147489,1288,,
2020-05-11T17:00:00,ITA,03,Lombardia,012,Varese,VA,45.81701677,8.822868344,3196,,
2020-05-11T17:00:00,ITA,03,Lombardia,988,In fase di definizione/aggiornamento,,0,0,1793,,
2020-05-11T17:00:00,ITA,11,Marche,042,Ancona,AN,43.61675973,13.5188753,1837,,
2020-05-11T17:00:00,ITA,11,Marche,044,Ascoli Piceno,AP,42.85322304,13.57691127,288,,
2020-05-11T17:00:00,ITA,11,Marche,109,Fermo,FM,43.16058534,13.71839535,455,,
2020-05-11T17:00:00,ITA,11,Marche,043,Macerata,MC,43.30023926,13.45307182,1068,,
2020-05-11T17:00:00,ITA,11,Marche,041,Pesaro e Urbino,PU,43.91014021,12.91345989,2675,,
2020-05-11T17:00:00,ITA,11,Marche,989,In fase di definizione/aggiornamento,,0,0,220,,
2020-05-11T17:00:00,ITA,14,Molise,070,Campobasso,CB,41.55774754,14.65916051,307,,
2020-05-11T17:00:00,ITA,14,Molise,094,Isernia,IS,41.58800826,14.22575407,57,,
2020-05-11T17:00:00,ITA,14,Molise,990,In fase di definizione/aggiornamento,,0,0,19,,
2020-05-11T17:00:00,ITA,01,Piemonte,006,Alessandria,AL,44.91297351,8.615401155,3732,,
2020-05-11T17:00:00,ITA,01,Piemonte,005,Asti,AT,44.89912921,8.204142547,1685,,
2020-05-11T17:00:00,ITA,01,Piemonte,096,Biella,BI,45.5665112,8.054082167,1015,,
2020-05-11T17:00:00,ITA,01,Piemonte,004,Cuneo,CN,44.39329625,7.551171632,2646,,
2020-05-11T17:00:00,ITA,01,Piemonte,003,Novara,NO,45.44588506,8.621915884,2481,,
2020-05-11T17:00:00,ITA,01,Piemonte,001,Torino,TO,45.0732745,7.680687483,14560,,
2020-05-11T17:00:00,ITA,01,Piemonte,103,Verbano-Cusio-Ossola,VB,45.9214455,8.551078753,1093,,
2020-05-11T17:00:00,ITA,01,Piemonte,002,Vercelli,VC,45.32398135,8.423234312,1200,,
2020-05-11T17:00:00,ITA,01,Piemonte,991,In fase di definizione/aggiornamento,,0,0,364,,
2020-05-11T17:00:00,ITA,16,Puglia,072,Bari,BA,41.12559576,16.86736689,1420,,
2020-05-11T17:00:00,ITA,16,Puglia,110,Barletta-Andria-Trani,BT,41.22705039,16.29520432,381,,
2020-05-11T17:00:00,ITA,16,Puglia,074,Brindisi,BR,40.63848545,17.94601575,605,,
2020-05-11T17:00:00,ITA,16,Puglia,071,Foggia,FG,41.46226865,15.54305094,1116,,
2020-05-11T17:00:00,ITA,16,Puglia,075,Lecce,LE,40.35354285,18.1718973,505,,
2020-05-11T17:00:00,ITA,16,Puglia,073,Taranto,TA,40.47354739,17.23237181,271,,
2020-05-11T17:00:00,ITA,16,Puglia,992,In fase di definizione/aggiornamento,,0,0,29,,
2020-05-11T17:00:00,ITA,20,Sardegna,092,Cagliari,CA,39.21531192,9.110616306,245,,
2020-05-11T17:00:00,ITA,20,Sardegna,091,Nuoro,NU,40.32318834,9.330296393,78,,
2020-05-11T17:00:00,ITA,20,Sardegna,095,Oristano,OR,39.90381075,8.591183151,57,,
2020-05-11T17:00:00,ITA,20,Sardegna,090,Sassari,SS,40.72667657,8.559667131,866,,
2020-05-11T17:00:00,ITA,20,Sardegna,111,Sud Sardegna,SU,39.16641462,8.526242676,97,,
2020-05-11T17:00:00,ITA,20,Sardegna,993,In fase di definizione/aggiornamento,,0,0,0,,
2020-05-11T17:00:00,ITA,19,Sicilia,084,Agrigento,AG,37.30971088,13.5845749,137,,
2020-05-11T17:00:00,ITA,19,Sicilia,085,Caltanissetta,CL,37.49213171,14.06184973,162,,
2020-05-11T17:00:00,ITA,19,Sicilia,087,Catania,CT,37.50287803,15.08704691,1046,,
2020-05-11T17:00:00,ITA,19,Sicilia,086,Enna,EN,37.56705701,14.27909375,421,,
2020-05-11T17:00:00,ITA,19,Sicilia,083,Messina,ME,38.19395845,15.55572302,557,,
2020-05-11T17:00:00,ITA,19,Sicilia,082,Palermo,PA,38.11569725,13.3623567,544,,
2020-05-11T17:00:00,ITA,19,Sicilia,088,Ragusa,RG,36.92509198,14.73069891,94,,
2020-05-11T17:00:00,ITA,19,Sicilia,089,Siracusa,SR,37.05991687,15.29333182,239,,
2020-05-11T17:00:00,ITA,19,Sicilia,081,Trapani,TP,38.01850065,12.51365684,139,,
2020-05-11T17:00:00,ITA,19,Sicilia,994,In fase di definizione/aggiornamento,,0,0,0,,
2020-05-11T17:00:00,ITA,09,Toscana,051,Arezzo,AR,43.46642752,11.88228844,665,,
2020-05-11T17:00:00,ITA,09,Toscana,048,Firenze,FI,43.76923077,11.25588885,3322,,
2020-05-11T17:00:00,ITA,09,Toscana,053,Grosseto,GR,42.76026758,11.11356398,421,,
2020-05-11T17:00:00,ITA,09,Toscana,049,Livorno,LI,43.55234873,10.3086781,535,,
2020-05-11T17:00:00,ITA,09,Toscana,046,Lucca,LU,43.84432283,10.50151366,1329,,
2020-05-11T17:00:00,ITA,09,Toscana,045,Massa Carrara,MS,44.03674425,10.14173829,1029,,
2020-05-11T17:00:00,ITA,09,Toscana,050,Pisa,PI,43.71553206,10.40127259,868,,
2020-05-11T17:00:00,ITA,09,Toscana,047,Pistoia,PT,43.933465,10.91734146,652,,
2020-05-11T17:00:00,ITA,09,Toscana,100,Prato,PO,43.88062274,11.09703315,539,,
2020-05-11T17:00:00,ITA,09,Toscana,052,Siena,SI,43.31816374,11.33190988,427,,
2020-05-11T17:00:00,ITA,09,Toscana,995,In fase di definizione/aggiornamento,,0,0,0,,
2020-05-11T17:00:00,ITA,04,P.A. Trento,022,Trento,TN,46.06893511,11.12123097,4297,,
2020-05-11T17:00:00,ITA,04,P.A. Trento,996,In fase di definizione/aggiornamento,,0,0,0,,
2020-05-11T17:00:00,ITA,10,Umbria,054,Perugia,PG,43.10675841,12.38824698,993,,
2020-05-11T17:00:00,ITA,10,Umbria,055,Terni,TR,42.56071258,12.6466875,365,,
2020-05-11T17:00:00,ITA,10,Umbria,997,In fase di definizione/aggiornamento,,0,0,54,,
2020-05-11T17:00:00,ITA,02,Valle d'Aosta,007,Aosta,AO,45.73750286,7.320149366,1158,,
2020-05-11T17:00:00,ITA,02,Valle d'Aosta,998,In fase di definizione/aggiornamento,,0,0,0,,
2020-05-11T17:00:00,ITA,05,Veneto,025,Belluno,BL,46.13837528,12.21704167,1148,,
2020-05-11T17:00:00,ITA,05,Veneto,028,Padova,PD,45.40692987,11.87608718,3900,,
2020-05-11T17:00:00,ITA,05,Veneto,029,Rovigo,RO,45.07107289,11.79007,433,,
2020-05-11T17:00:00,ITA,05,Veneto,026,Treviso,TV,45.66754571,12.24507363,2609,,
2020-05-11T17:00:00,ITA,05,Veneto,027,Venezia,VE,45.43490485,12.33845213,2599,,
2020-05-11T17:00:00,ITA,05,Veneto,023,Verona,VR,45.43839046,10.99352685,4946,,
2020-05-11T17:00:00,ITA,05,Veneto,024,Vicenza,VI,45.547497,11.54597109,2773,,
2020-05-11T17:00:00,ITA,05,Veneto,999,In fase di definizione/aggiornamento,,0,0,333,,
>>>>>>> upstream/master
=======
2020-05-12T17:00:00,ITA,13,Abruzzo,069,Chieti,CH,42.35103167,14.16754574,778,,
2020-05-12T17:00:00,ITA,13,Abruzzo,066,L'Aquila,AQ,42.35122196,13.39843823,244,,
2020-05-12T17:00:00,ITA,13,Abruzzo,068,Pescara,PE,42.46458398,14.21364822,1448,,
2020-05-12T17:00:00,ITA,13,Abruzzo,067,Teramo,TE,42.6589177,13.70439971,645,,
2020-05-12T17:00:00,ITA,13,Abruzzo,979,In fase di definizione/aggiornamento,,0,0,0,,
2020-05-12T17:00:00,ITA,17,Basilicata,077,Matera,MT,40.66751177,16.59792442,206,,
2020-05-12T17:00:00,ITA,17,Basilicata,076,Potenza,PZ,40.63947052,15.80514834,181,,
2020-05-12T17:00:00,ITA,17,Basilicata,980,In fase di definizione/aggiornamento,,0,0,0,,
2020-05-12T17:00:00,ITA,04,P.A. Bolzano,021,Bolzano,BZ,46.49933453,11.35662422,2572,,
2020-05-12T17:00:00,ITA,04,P.A. Bolzano,981,In fase di definizione/aggiornamento,,0,0,0,,
2020-05-12T17:00:00,ITA,18,Calabria,079,Catanzaro,CZ,38.90597598,16.59440194,211,,
2020-05-12T17:00:00,ITA,18,Calabria,078,Cosenza,CS,39.29308681,16.25609692,464,,
2020-05-12T17:00:00,ITA,18,Calabria,101,Crotone,KR,39.08036878,17.12538864,118,,
2020-05-12T17:00:00,ITA,18,Calabria,080,Reggio di Calabria,RC,38.10922769,15.6434527,267,,
2020-05-12T17:00:00,ITA,18,Calabria,102,Vibo Valentia,VV,38.67624147,16.10157414,76,,
2020-05-12T17:00:00,ITA,18,Calabria,982,In fase di definizione/aggiornamento,,0,0,2,,
2020-05-12T17:00:00,ITA,15,Campania,064,Avellino,AV,40.91404699,14.79528803,504,,
2020-05-12T17:00:00,ITA,15,Campania,062,Benevento,BN,41.12969987,14.78151683,192,,
2020-05-12T17:00:00,ITA,15,Campania,061,Caserta,CE,41.07465878,14.33240464,432,,
2020-05-12T17:00:00,ITA,15,Campania,063,Napoli,NA,40.83956555,14.25084984,2541,,
2020-05-12T17:00:00,ITA,15,Campania,065,Salerno,SA,40.67821961,14.7594026,667,,
2020-05-12T17:00:00,ITA,15,Campania,983,In fase di definizione/aggiornamento,,0,0,279,,
2020-05-12T17:00:00,ITA,08,Emilia-Romagna,037,Bologna,BO,44.49436681,11.3417208,4805,,
2020-05-12T17:00:00,ITA,08,Emilia-Romagna,038,Ferrara,FE,44.83599085,11.61868934,977,,
2020-05-12T17:00:00,ITA,08,Emilia-Romagna,040,Forlì-Cesena,FC,44.22268559,12.04068608,1684,,
2020-05-12T17:00:00,ITA,08,Emilia-Romagna,036,Modena,MO,44.64600009,10.92615487,3830,,
2020-05-12T17:00:00,ITA,08,Emilia-Romagna,034,Parma,PR,44.80107394,10.32834985,3317,,
2020-05-12T17:00:00,ITA,08,Emilia-Romagna,033,Piacenza,PC,45.05193462,9.692632596,4386,,
2020-05-12T17:00:00,ITA,08,Emilia-Romagna,039,Ravenna,RA,44.41722493,12.19913936,999,,
2020-05-12T17:00:00,ITA,08,Emilia-Romagna,035,Reggio nell'Emilia,RE,44.69735289,10.63007973,4854,,
2020-05-12T17:00:00,ITA,08,Emilia-Romagna,099,Rimini,RN,44.06090087,12.5656295,2077,,
2020-05-12T17:00:00,ITA,08,Emilia-Romagna,984,In fase di definizione/aggiornamento,,0,0,0,,
2020-05-12T17:00:00,ITA,06,Friuli Venezia Giulia,031,Gorizia,GO,45.94149817,13.62212502,196,,
2020-05-12T17:00:00,ITA,06,Friuli Venezia Giulia,093,Pordenone,PN,45.95443546,12.66002909,654,,
2020-05-12T17:00:00,ITA,06,Friuli Venezia Giulia,032,Trieste,TS,45.6494354,13.76813649,1328,,
2020-05-12T17:00:00,ITA,06,Friuli Venezia Giulia,030,Udine,UD,46.06255516,13.2348383,970,,
2020-05-12T17:00:00,ITA,06,Friuli Venezia Giulia,985,In fase di definizione/aggiornamento,,0,0,0,,
2020-05-12T17:00:00,ITA,12,Lazio,060,Frosinone,FR,41.63964569,13.35117161,579,,
2020-05-12T17:00:00,ITA,12,Lazio,059,Latina,LT,41.46759465,12.90368482,511,,
2020-05-12T17:00:00,ITA,12,Lazio,057,Rieti,RI,42.40488444,12.86205939,338,,
2020-05-12T17:00:00,ITA,12,Lazio,058,Roma,RM,41.89277044,12.48366722,5266,,
2020-05-12T17:00:00,ITA,12,Lazio,056,Viterbo,VT,42.4173828,12.10473416,410,,
2020-05-12T17:00:00,ITA,12,Lazio,986,In fase di definizione/aggiornamento,,0,0,108,,
2020-05-12T17:00:00,ITA,07,Liguria,010,Genova,GE,44.41149314,8.9326992,5078,,
2020-05-12T17:00:00,ITA,07,Liguria,008,Imperia,IM,43.88570648,8.027850298,1443,,
2020-05-12T17:00:00,ITA,07,Liguria,011,La Spezia,SP,44.10704991,9.8281897,895,,
2020-05-12T17:00:00,ITA,07,Liguria,009,Savona,SV,44.30750461,8.481108654,1443,,
2020-05-12T17:00:00,ITA,07,Liguria,987,In fase di definizione/aggiornamento,,0,0,4,,
2020-05-12T17:00:00,ITA,03,Lombardia,016,Bergamo,BG,45.69441368,9.668424528,12294,,
2020-05-12T17:00:00,ITA,03,Lombardia,017,Brescia,BS,45.53993052,10.21910323,13748,,
2020-05-12T17:00:00,ITA,03,Lombardia,013,Como,CO,45.8099912,9.085159546,3546,,
2020-05-12T17:00:00,ITA,03,Lombardia,019,Cremona,CR,45.13336675,10.02420865,6255,,
2020-05-12T17:00:00,ITA,03,Lombardia,097,Lecco,LC,45.85575781,9.393392246,2561,,
2020-05-12T17:00:00,ITA,03,Lombardia,098,Lodi,LO,45.31440693,9.503720769,3293,,
2020-05-12T17:00:00,ITA,03,Lombardia,020,Mantova,MN,45.15726772,10.79277363,3255,,
2020-05-12T17:00:00,ITA,03,Lombardia,015,Milano,MI,45.46679409,9.190347404,21626,,
2020-05-12T17:00:00,ITA,03,Lombardia,108,Monza e della Brianza,MB,45.58439043,9.273582472,5112,,
2020-05-12T17:00:00,ITA,03,Lombardia,018,Pavia,PV,45.18509264,9.160157191,4820,,
2020-05-12T17:00:00,ITA,03,Lombardia,014,Sondrio,SO,46.17099261,9.87147489,1317,,
2020-05-12T17:00:00,ITA,03,Lombardia,012,Varese,VA,45.81701677,8.822868344,3273,,
2020-05-12T17:00:00,ITA,03,Lombardia,988,In fase di definizione/aggiornamento,,0,0,1804,,
2020-05-12T17:00:00,ITA,11,Marche,042,Ancona,AN,43.61675973,13.5188753,1839,,
2020-05-12T17:00:00,ITA,11,Marche,044,Ascoli Piceno,AP,42.85322304,13.57691127,288,,
2020-05-12T17:00:00,ITA,11,Marche,109,Fermo,FM,43.16058534,13.71839535,455,,
2020-05-12T17:00:00,ITA,11,Marche,043,Macerata,MC,43.30023926,13.45307182,1075,,
2020-05-12T17:00:00,ITA,11,Marche,041,Pesaro e Urbino,PU,43.91014021,12.91345989,2690,,
2020-05-12T17:00:00,ITA,11,Marche,989,In fase di definizione/aggiornamento,,0,0,221,,
2020-05-12T17:00:00,ITA,14,Molise,070,Campobasso,CB,41.55774754,14.65916051,310,,
2020-05-12T17:00:00,ITA,14,Molise,094,Isernia,IS,41.58800826,14.22575407,57,,
2020-05-12T17:00:00,ITA,14,Molise,990,In fase di definizione/aggiornamento,,0,0,19,,
2020-05-12T17:00:00,ITA,01,Piemonte,006,Alessandria,AL,44.91297351,8.615401155,3744,,
2020-05-12T17:00:00,ITA,01,Piemonte,005,Asti,AT,44.89912921,8.204142547,1690,,
2020-05-12T17:00:00,ITA,01,Piemonte,096,Biella,BI,45.5665112,8.054082167,1016,,
2020-05-12T17:00:00,ITA,01,Piemonte,004,Cuneo,CN,44.39329625,7.551171632,2649,,
2020-05-12T17:00:00,ITA,01,Piemonte,003,Novara,NO,45.44588506,8.621915884,2494,,
2020-05-12T17:00:00,ITA,01,Piemonte,001,Torino,TO,45.0732745,7.680687483,14631,,
2020-05-12T17:00:00,ITA,01,Piemonte,103,Verbano-Cusio-Ossola,VB,45.9214455,8.551078753,1097,,
2020-05-12T17:00:00,ITA,01,Piemonte,002,Vercelli,VC,45.32398135,8.423234312,1205,,
2020-05-12T17:00:00,ITA,01,Piemonte,991,In fase di definizione/aggiornamento,,0,0,363,,
2020-05-12T17:00:00,ITA,16,Puglia,072,Bari,BA,41.12559576,16.86736689,1427,,
2020-05-12T17:00:00,ITA,16,Puglia,110,Barletta-Andria-Trani,BT,41.22705039,16.29520432,381,,
2020-05-12T17:00:00,ITA,16,Puglia,074,Brindisi,BR,40.63848545,17.94601575,606,,
2020-05-12T17:00:00,ITA,16,Puglia,071,Foggia,FG,41.46226865,15.54305094,1117,,
2020-05-12T17:00:00,ITA,16,Puglia,075,Lecce,LE,40.35354285,18.1718973,505,,
2020-05-12T17:00:00,ITA,16,Puglia,073,Taranto,TA,40.47354739,17.23237181,272,,
2020-05-12T17:00:00,ITA,16,Puglia,992,In fase di definizione/aggiornamento,,0,0,29,,
2020-05-12T17:00:00,ITA,20,Sardegna,092,Cagliari,CA,39.21531192,9.110616306,246,,
2020-05-12T17:00:00,ITA,20,Sardegna,091,Nuoro,NU,40.32318834,9.330296393,78,,
2020-05-12T17:00:00,ITA,20,Sardegna,095,Oristano,OR,39.90381075,8.591183151,57,,
2020-05-12T17:00:00,ITA,20,Sardegna,090,Sassari,SS,40.72667657,8.559667131,866,,
2020-05-12T17:00:00,ITA,20,Sardegna,111,Sud Sardegna,SU,39.16641462,8.526242676,97,,
2020-05-12T17:00:00,ITA,20,Sardegna,993,In fase di definizione/aggiornamento,,0,0,0,,
2020-05-12T17:00:00,ITA,19,Sicilia,084,Agrigento,AG,37.30971088,13.5845749,137,,
2020-05-12T17:00:00,ITA,19,Sicilia,085,Caltanissetta,CL,37.49213171,14.06184973,162,,
2020-05-12T17:00:00,ITA,19,Sicilia,087,Catania,CT,37.50287803,15.08704691,1047,,
2020-05-12T17:00:00,ITA,19,Sicilia,086,Enna,EN,37.56705701,14.27909375,421,,
2020-05-12T17:00:00,ITA,19,Sicilia,083,Messina,ME,38.19395845,15.55572302,558,,
2020-05-12T17:00:00,ITA,19,Sicilia,082,Palermo,PA,38.11569725,13.3623567,546,,
2020-05-12T17:00:00,ITA,19,Sicilia,088,Ragusa,RG,36.92509198,14.73069891,94,,
2020-05-12T17:00:00,ITA,19,Sicilia,089,Siracusa,SR,37.05991687,15.29333182,239,,
2020-05-12T17:00:00,ITA,19,Sicilia,081,Trapani,TP,38.01850065,12.51365684,139,,
2020-05-12T17:00:00,ITA,19,Sicilia,994,In fase di definizione/aggiornamento,,0,0,0,,
2020-05-12T17:00:00,ITA,09,Toscana,051,Arezzo,AR,43.46642752,11.88228844,665,,
2020-05-12T17:00:00,ITA,09,Toscana,048,Firenze,FI,43.76923077,11.25588885,3333,,
2020-05-12T17:00:00,ITA,09,Toscana,053,Grosseto,GR,42.76026758,11.11356398,421,,
2020-05-12T17:00:00,ITA,09,Toscana,049,Livorno,LI,43.55234873,10.3086781,535,,
2020-05-12T17:00:00,ITA,09,Toscana,046,Lucca,LU,43.84432283,10.50151366,1329,,
2020-05-12T17:00:00,ITA,09,Toscana,045,Massa Carrara,MS,44.03674425,10.14173829,1030,,
2020-05-12T17:00:00,ITA,09,Toscana,050,Pisa,PI,43.71553206,10.40127259,868,,
2020-05-12T17:00:00,ITA,09,Toscana,047,Pistoia,PT,43.933465,10.91734146,652,,
2020-05-12T17:00:00,ITA,09,Toscana,100,Prato,PO,43.88062274,11.09703315,542,,
2020-05-12T17:00:00,ITA,09,Toscana,052,Siena,SI,43.31816374,11.33190988,427,,
2020-05-12T17:00:00,ITA,09,Toscana,995,In fase di definizione/aggiornamento,,0,0,0,,
2020-05-12T17:00:00,ITA,04,P.A. Trento,022,Trento,TN,46.06893511,11.12123097,4303,,
2020-05-12T17:00:00,ITA,04,P.A. Trento,996,In fase di definizione/aggiornamento,,0,0,0,,
2020-05-12T17:00:00,ITA,10,Umbria,054,Perugia,PG,43.10675841,12.38824698,996,,
2020-05-12T17:00:00,ITA,10,Umbria,055,Terni,TR,42.56071258,12.6466875,368,,
2020-05-12T17:00:00,ITA,10,Umbria,997,In fase di definizione/aggiornamento,,0,0,55,,
2020-05-12T17:00:00,ITA,02,Valle d'Aosta,007,Aosta,AO,45.73750286,7.320149366,1160,,
2020-05-12T17:00:00,ITA,02,Valle d'Aosta,998,In fase di definizione/aggiornamento,,0,0,0,,
2020-05-12T17:00:00,ITA,05,Veneto,025,Belluno,BL,46.13837528,12.21704167,1150,,
2020-05-12T17:00:00,ITA,05,Veneto,028,Padova,PD,45.40692987,11.87608718,3903,,
2020-05-12T17:00:00,ITA,05,Veneto,029,Rovigo,RO,45.07107289,11.79007,433,,
2020-05-12T17:00:00,ITA,05,Veneto,026,Treviso,TV,45.66754571,12.24507363,2613,,
2020-05-12T17:00:00,ITA,05,Veneto,027,Venezia,VE,45.43490485,12.33845213,2611,,
2020-05-12T17:00:00,ITA,05,Veneto,023,Verona,VR,45.43839046,10.99352685,4957,,
2020-05-12T17:00:00,ITA,05,Veneto,024,Vicenza,VI,45.547497,11.54597109,2787,,
2020-05-12T17:00:00,ITA,05,Veneto,999,In fase di definizione/aggiornamento,,0,0,328,,
>>>>>>> upstream/master
=======
2020-05-13T17:00:00,ITA,13,Abruzzo,069,Chieti,CH,42.35103167,14.16754574,778,,
2020-05-13T17:00:00,ITA,13,Abruzzo,066,L'Aquila,AQ,42.35122196,13.39843823,244,,
2020-05-13T17:00:00,ITA,13,Abruzzo,068,Pescara,PE,42.46458398,14.21364822,1460,,
2020-05-13T17:00:00,ITA,13,Abruzzo,067,Teramo,TE,42.6589177,13.70439971,645,,
2020-05-13T17:00:00,ITA,13,Abruzzo,979,In fase di definizione/aggiornamento,,0,0,0,,
2020-05-13T17:00:00,ITA,17,Basilicata,077,Matera,MT,40.66751177,16.59792442,206,,
2020-05-13T17:00:00,ITA,17,Basilicata,076,Potenza,PZ,40.63947052,15.80514834,183,,
2020-05-13T17:00:00,ITA,17,Basilicata,980,In fase di definizione/aggiornamento,,0,0,0,,
2020-05-13T17:00:00,ITA,04,P.A. Bolzano,021,Bolzano,BZ,46.49933453,11.35662422,2575,,
2020-05-13T17:00:00,ITA,04,P.A. Bolzano,981,In fase di definizione/aggiornamento,,0,0,0,,
2020-05-13T17:00:00,ITA,18,Calabria,079,Catanzaro,CZ,38.90597598,16.59440194,211,,
2020-05-13T17:00:00,ITA,18,Calabria,078,Cosenza,CS,39.29308681,16.25609692,464,,
2020-05-13T17:00:00,ITA,18,Calabria,101,Crotone,KR,39.08036878,17.12538864,118,,
2020-05-13T17:00:00,ITA,18,Calabria,080,Reggio di Calabria,RC,38.10922769,15.6434527,268,,
2020-05-13T17:00:00,ITA,18,Calabria,102,Vibo Valentia,VV,38.67624147,16.10157414,77,,
2020-05-13T17:00:00,ITA,18,Calabria,982,In fase di definizione/aggiornamento,,0,0,2,,
2020-05-13T17:00:00,ITA,15,Campania,064,Avellino,AV,40.91404699,14.79528803,508,,
2020-05-13T17:00:00,ITA,15,Campania,062,Benevento,BN,41.12969987,14.78151683,192,,
2020-05-13T17:00:00,ITA,15,Campania,061,Caserta,CE,41.07465878,14.33240464,433,,
2020-05-13T17:00:00,ITA,15,Campania,063,Napoli,NA,40.83956555,14.25084984,2549,,
2020-05-13T17:00:00,ITA,15,Campania,065,Salerno,SA,40.67821961,14.7594026,668,,
2020-05-13T17:00:00,ITA,15,Campania,983,In fase di definizione/aggiornamento,,0,0,280,,
2020-05-13T17:00:00,ITA,08,Emilia-Romagna,037,Bologna,BO,44.49436681,11.3417208,4826,,
2020-05-13T17:00:00,ITA,08,Emilia-Romagna,038,Ferrara,FE,44.83599085,11.61868934,977,,
2020-05-13T17:00:00,ITA,08,Emilia-Romagna,040,Forlì-Cesena,FC,44.22268559,12.04068608,1694,,
2020-05-13T17:00:00,ITA,08,Emilia-Romagna,036,Modena,MO,44.64600009,10.92615487,3837,,
2020-05-13T17:00:00,ITA,08,Emilia-Romagna,034,Parma,PR,44.80107394,10.32834985,3317,,
2020-05-13T17:00:00,ITA,08,Emilia-Romagna,033,Piacenza,PC,45.05193462,9.692632596,4391,,
2020-05-13T17:00:00,ITA,08,Emilia-Romagna,039,Ravenna,RA,44.41722493,12.19913936,999,,
2020-05-13T17:00:00,ITA,08,Emilia-Romagna,035,Reggio nell'Emilia,RE,44.69735289,10.63007973,4859,,
2020-05-13T17:00:00,ITA,08,Emilia-Romagna,099,Rimini,RN,44.06090087,12.5656295,2079,,
2020-05-13T17:00:00,ITA,08,Emilia-Romagna,984,In fase di definizione/aggiornamento,,0,0,0,,
2020-05-13T17:00:00,ITA,06,Friuli Venezia Giulia,031,Gorizia,GO,45.94149817,13.62212502,197,,
2020-05-13T17:00:00,ITA,06,Friuli Venezia Giulia,093,Pordenone,PN,45.95443546,12.66002909,659,,
2020-05-13T17:00:00,ITA,06,Friuli Venezia Giulia,032,Trieste,TS,45.6494354,13.76813649,1329,,
2020-05-13T17:00:00,ITA,06,Friuli Venezia Giulia,030,Udine,UD,46.06255516,13.2348383,971,,
2020-05-13T17:00:00,ITA,06,Friuli Venezia Giulia,985,In fase di definizione/aggiornamento,,0,0,0,,
2020-05-13T17:00:00,ITA,12,Lazio,060,Frosinone,FR,41.63964569,13.35117161,579,,
2020-05-13T17:00:00,ITA,12,Lazio,059,Latina,LT,41.46759465,12.90368482,511,,
2020-05-13T17:00:00,ITA,12,Lazio,057,Rieti,RI,42.40488444,12.86205939,349,,
2020-05-13T17:00:00,ITA,12,Lazio,058,Roma,RM,41.89277044,12.48366722,5291,,
2020-05-13T17:00:00,ITA,12,Lazio,056,Viterbo,VT,42.4173828,12.10473416,410,,
2020-05-13T17:00:00,ITA,12,Lazio,986,In fase di definizione/aggiornamento,,0,0,110,,
2020-05-13T17:00:00,ITA,07,Liguria,010,Genova,GE,44.41149314,8.9326992,5122,,
2020-05-13T17:00:00,ITA,07,Liguria,008,Imperia,IM,43.88570648,8.027850298,1445,,
2020-05-13T17:00:00,ITA,07,Liguria,011,La Spezia,SP,44.10704991,9.8281897,896,,
2020-05-13T17:00:00,ITA,07,Liguria,009,Savona,SV,44.30750461,8.481108654,1463,,
2020-05-13T17:00:00,ITA,07,Liguria,987,In fase di definizione/aggiornamento,,0,0,4,,
2020-05-13T17:00:00,ITA,03,Lombardia,016,Bergamo,BG,45.69441368,9.668424528,12318,,
2020-05-13T17:00:00,ITA,03,Lombardia,017,Brescia,BS,45.53993052,10.21910323,13842,,
2020-05-13T17:00:00,ITA,03,Lombardia,013,Como,CO,45.8099912,9.085159546,3556,,
2020-05-13T17:00:00,ITA,03,Lombardia,019,Cremona,CR,45.13336675,10.02420865,6273,,
2020-05-13T17:00:00,ITA,03,Lombardia,097,Lecco,LC,45.85575781,9.393392246,2583,,
2020-05-13T17:00:00,ITA,03,Lombardia,098,Lodi,LO,45.31440693,9.503720769,3301,,
2020-05-13T17:00:00,ITA,03,Lombardia,020,Mantova,MN,45.15726772,10.79277363,3266,,
2020-05-13T17:00:00,ITA,03,Lombardia,015,Milano,MI,45.46679409,9.190347404,21731,,
2020-05-13T17:00:00,ITA,03,Lombardia,108,Monza e della Brianza,MB,45.58439043,9.273582472,5141,,
2020-05-13T17:00:00,ITA,03,Lombardia,018,Pavia,PV,45.18509264,9.160157191,4849,,
2020-05-13T17:00:00,ITA,03,Lombardia,014,Sondrio,SO,46.17099261,9.87147489,1321,,
2020-05-13T17:00:00,ITA,03,Lombardia,012,Varese,VA,45.81701677,8.822868344,3302,,
2020-05-13T17:00:00,ITA,03,Lombardia,988,In fase di definizione/aggiornamento,,0,0,1815,,
2020-05-13T17:00:00,ITA,11,Marche,042,Ancona,AN,43.61675973,13.5188753,1840,,
2020-05-13T17:00:00,ITA,11,Marche,044,Ascoli Piceno,AP,42.85322304,13.57691127,288,,
2020-05-13T17:00:00,ITA,11,Marche,109,Fermo,FM,43.16058534,13.71839535,455,,
2020-05-13T17:00:00,ITA,11,Marche,043,Macerata,MC,43.30023926,13.45307182,1077,,
2020-05-13T17:00:00,ITA,11,Marche,041,Pesaro e Urbino,PU,43.91014021,12.91345989,2705,,
2020-05-13T17:00:00,ITA,11,Marche,989,In fase di definizione/aggiornamento,,0,0,223,,
2020-05-13T17:00:00,ITA,14,Molise,070,Campobasso,CB,41.55774754,14.65916051,325,,
2020-05-13T17:00:00,ITA,14,Molise,094,Isernia,IS,41.58800826,14.22575407,57,,
2020-05-13T17:00:00,ITA,14,Molise,990,In fase di definizione/aggiornamento,,0,0,19,,
2020-05-13T17:00:00,ITA,01,Piemonte,006,Alessandria,AL,44.91297351,8.615401155,3755,,
2020-05-13T17:00:00,ITA,01,Piemonte,005,Asti,AT,44.89912921,8.204142547,1699,,
2020-05-13T17:00:00,ITA,01,Piemonte,096,Biella,BI,45.5665112,8.054082167,1021,,
2020-05-13T17:00:00,ITA,01,Piemonte,004,Cuneo,CN,44.39329625,7.551171632,2659,,
2020-05-13T17:00:00,ITA,01,Piemonte,003,Novara,NO,45.44588506,8.621915884,2528,,
2020-05-13T17:00:00,ITA,01,Piemonte,001,Torino,TO,45.0732745,7.680687483,14719,,
2020-05-13T17:00:00,ITA,01,Piemonte,103,Verbano-Cusio-Ossola,VB,45.9214455,8.551078753,1098,,
2020-05-13T17:00:00,ITA,01,Piemonte,002,Vercelli,VC,45.32398135,8.423234312,1211,,
2020-05-13T17:00:00,ITA,01,Piemonte,991,In fase di definizione/aggiornamento,,0,0,368,,
2020-05-13T17:00:00,ITA,16,Puglia,072,Bari,BA,41.12559576,16.86736689,1429,,
2020-05-13T17:00:00,ITA,16,Puglia,110,Barletta-Andria-Trani,BT,41.22705039,16.29520432,381,,
2020-05-13T17:00:00,ITA,16,Puglia,074,Brindisi,BR,40.63848545,17.94601575,608,,
2020-05-13T17:00:00,ITA,16,Puglia,071,Foggia,FG,41.46226865,15.54305094,1119,,
2020-05-13T17:00:00,ITA,16,Puglia,075,Lecce,LE,40.35354285,18.1718973,508,,
2020-05-13T17:00:00,ITA,16,Puglia,073,Taranto,TA,40.47354739,17.23237181,273,,
2020-05-13T17:00:00,ITA,16,Puglia,992,In fase di definizione/aggiornamento,,0,0,30,,
2020-05-13T17:00:00,ITA,20,Sardegna,092,Cagliari,CA,39.21531192,9.110616306,246,,
2020-05-13T17:00:00,ITA,20,Sardegna,091,Nuoro,NU,40.32318834,9.330296393,78,,
2020-05-13T17:00:00,ITA,20,Sardegna,095,Oristano,OR,39.90381075,8.591183151,58,,
2020-05-13T17:00:00,ITA,20,Sardegna,090,Sassari,SS,40.72667657,8.559667131,866,,
2020-05-13T17:00:00,ITA,20,Sardegna,111,Sud Sardegna,SU,39.16641462,8.526242676,97,,
2020-05-13T17:00:00,ITA,20,Sardegna,993,In fase di definizione/aggiornamento,,0,0,0,,
2020-05-13T17:00:00,ITA,19,Sicilia,084,Agrigento,AG,37.30971088,13.5845749,141,,
2020-05-13T17:00:00,ITA,19,Sicilia,085,Caltanissetta,CL,37.49213171,14.06184973,164,,
2020-05-13T17:00:00,ITA,19,Sicilia,087,Catania,CT,37.50287803,15.08704691,1047,,
2020-05-13T17:00:00,ITA,19,Sicilia,086,Enna,EN,37.56705701,14.27909375,421,,
2020-05-13T17:00:00,ITA,19,Sicilia,083,Messina,ME,38.19395845,15.55572302,558,,
2020-05-13T17:00:00,ITA,19,Sicilia,082,Palermo,PA,38.11569725,13.3623567,549,,
2020-05-13T17:00:00,ITA,19,Sicilia,088,Ragusa,RG,36.92509198,14.73069891,94,,
2020-05-13T17:00:00,ITA,19,Sicilia,089,Siracusa,SR,37.05991687,15.29333182,241,,
2020-05-13T17:00:00,ITA,19,Sicilia,081,Trapani,TP,38.01850065,12.51365684,139,,
2020-05-13T17:00:00,ITA,19,Sicilia,994,In fase di definizione/aggiornamento,,0,0,0,,
2020-05-13T17:00:00,ITA,09,Toscana,051,Arezzo,AR,43.46642752,11.88228844,667,,
2020-05-13T17:00:00,ITA,09,Toscana,048,Firenze,FI,43.76923077,11.25588885,3340,,
2020-05-13T17:00:00,ITA,09,Toscana,053,Grosseto,GR,42.76026758,11.11356398,421,,
2020-05-13T17:00:00,ITA,09,Toscana,049,Livorno,LI,43.55234873,10.3086781,538,,
2020-05-13T17:00:00,ITA,09,Toscana,046,Lucca,LU,43.84432283,10.50151366,1331,,
2020-05-13T17:00:00,ITA,09,Toscana,045,Massa Carrara,MS,44.03674425,10.14173829,1033,,
2020-05-13T17:00:00,ITA,09,Toscana,050,Pisa,PI,43.71553206,10.40127259,875,,
2020-05-13T17:00:00,ITA,09,Toscana,047,Pistoia,PT,43.933465,10.91734146,654,,
2020-05-13T17:00:00,ITA,09,Toscana,100,Prato,PO,43.88062274,11.09703315,543,,
2020-05-13T17:00:00,ITA,09,Toscana,052,Siena,SI,43.31816374,11.33190988,427,,
2020-05-13T17:00:00,ITA,09,Toscana,995,In fase di definizione/aggiornamento,,0,0,0,,
2020-05-13T17:00:00,ITA,04,P.A. Trento,022,Trento,TN,46.06893511,11.12123097,4312,,
2020-05-13T17:00:00,ITA,04,P.A. Trento,996,In fase di definizione/aggiornamento,,0,0,0,,
2020-05-13T17:00:00,ITA,10,Umbria,054,Perugia,PG,43.10675841,12.38824698,996,,
2020-05-13T17:00:00,ITA,10,Umbria,055,Terni,TR,42.56071258,12.6466875,368,,
2020-05-13T17:00:00,ITA,10,Umbria,997,In fase di definizione/aggiornamento,,0,0,55,,
2020-05-13T17:00:00,ITA,02,Valle d'Aosta,007,Aosta,AO,45.73750286,7.320149366,1163,,
2020-05-13T17:00:00,ITA,02,Valle d'Aosta,998,In fase di definizione/aggiornamento,,0,0,0,,
2020-05-13T17:00:00,ITA,05,Veneto,025,Belluno,BL,46.13837528,12.21704167,1150,,
2020-05-13T17:00:00,ITA,05,Veneto,028,Padova,PD,45.40692987,11.87608718,3904,,
2020-05-13T17:00:00,ITA,05,Veneto,029,Rovigo,RO,45.07107289,11.79007,435,,
2020-05-13T17:00:00,ITA,05,Veneto,026,Treviso,TV,45.66754571,12.24507363,2618,,
2020-05-13T17:00:00,ITA,05,Veneto,027,Venezia,VE,45.43490485,12.33845213,2617,,
2020-05-13T17:00:00,ITA,05,Veneto,023,Verona,VR,45.43839046,10.99352685,4967,,
2020-05-13T17:00:00,ITA,05,Veneto,024,Vicenza,VI,45.547497,11.54597109,2789,,
2020-05-13T17:00:00,ITA,05,Veneto,999,In fase di definizione/aggiornamento,,0,0,333,,
>>>>>>> upstream/master
